NO;JALUR;STATUS;UMUR DOKUMEN;UMUR LHP;JENIS PEMBERITAHUAN;NOMOR AJU;NOMOR DAFTAR;TANGGAL DAFTAR;ID PERUSAHAAN;NAMA PERUSAHAAN;PPJK
1;H;;764;-;30 - BC 3.0;00003021016120240105000016;600088;05-01-2024;708297288124000;PUTRI MANALU BERSAUDARA;PUTRA INDONESIA SEJAHTERA
2;H;;763;-;30 - BC 3.0;00003001718920240106000004;600118;06-01-2024;017189184125000;TOBA SURIMI INDUSTRIES;
3;H;;760;-;30 - BC 3.0;00003031192420240109000018;600184;09-01-2024;708110432125000;PT. ORI GINALNEST INDONESIA;PT. BERLIAN TRANSTAR ABADI
4;H;;760;-;30 - BC 3.0;00003031479320240109000042;600177;09-01-2024;314793480125000;SAGAMI INDONESIA;
5;H;;758;-;30 - BC 3.0;00003074002520240111000009;600233;11-01-2024;014310247121000;PT PERMATA HIJAU PALM OLEO;PT. MULIA BERJAYA ABADI
6;H;;758;-;30 - BC 3.0;00003074002520240111000010;600234;11-01-2024;014310247121000;PT PERMATA HIJAU PALM OLEO;PT. MULIA BERJAYA ABADI
7;H;;757;-;30 - BC 3.0;00003031192420240111000028;600250;12-01-2024;708110432125000;PT. ORI GINALNEST INDONESIA;PT. BERLIAN TRANSTAR ABADI
8;H;;754;-;30 - BC 3.0;00003082062720240115000062;600304;15-01-2024;820627214125000;SARANA MAJU BERSAMA;
9;H;;754;-;30 - BC 3.0;00003082062720240115000067;600303;15-01-2024;820627214125000;SARANA MAJU BERSAMA;
10;H;;754;-;30 - BC 3.0;00003082062720240115000068;600315;15-01-2024;820627214125000;SARANA MAJU BERSAMA;
11;H;;753;-;30 - BC 3.0;00003084834820240113000005;600322;16-01-2024;848348967125000;PT. ANUGERAH WALET JAYA;
12;H;;753;-;30 - BC 3.0;00003082068420240116000068;600330;16-01-2024;845961077124000;CV. CHEERA KING SEAFOOD;DIRGANTARA SUMATERA EKSPRES
13;H;;753;-;30 - BC 3.0;00003082062720240116000072;600337;16-01-2024;820627214125000;SARANA MAJU BERSAMA;
14;H;;753;-;30 - BC 3.0;00003092821220240115000055;600325;16-01-2024;800480121125001;PT. CEFA INDONESIA SEJAHTERA LESTARI;PT. LOGISTIK EKSPRESINDO UTAMA
15;H;;753;-;30 - BC 3.0;00003092821220240116000058;600335;16-01-2024;099092686112000;UD. ROYAL MARINE CENTRE;PT. LOGISTIK EKSPRESINDO UTAMA
16;H;;753;-;30 - BC 3.0;00003021016120240115000050;600329;16-01-2024;062552427122000;UD ALIAN RUSWAN;PUTRA INDONESIA SEJAHTERA
17;H;;753;-;30 - BC 3.0;00003074002520240116000024;600344;16-01-2024;014892640123000;PT. NUBIKA JAYA;PT. MULIA BERJAYA ABADI
18;H;;753;-;30 - BC 3.0;01010000258220240115000048;600339;16-01-2024;010021988118000;PT. VIRGINIA INDONESIA RUBBER COMPANY;PT BIROTIKA SEMESTA
19;H;;752;-;30 - BC 3.0;00003092821220240117000065;600353;17-01-2024;942504838125000;PT. DAMAI WALET SENTOSA;PT. LOGISTIK EKSPRESINDO UTAMA
20;H;;752;-;30 - BC 3.0;00003092821220240117000066;600354;17-01-2024;942504838125000;PT. DAMAI WALET SENTOSA;PT. LOGISTIK EKSPRESINDO UTAMA
21;H;;752;-;30 - BC 3.0;00003092568520240116000016;600356;17-01-2024;925685810122000;CV. JAYA LAUT SUMATERA;
22;H;;752;-;30 - BC 3.0;00003082068420240117000073;600352;17-01-2024;845961077124000;CV. CHEERA KING SEAFOOD;DIRGANTARA SUMATERA EKSPRES
23;H;;752;-;30 - BC 3.0;00003082062720240117000080;600363;17-01-2024;820627214125000;SARANA MAJU BERSAMA;
24;H;;752;-;30 - BC 3.0;00003082062720240117000076;600366;17-01-2024;820627214125000;SARANA MAJU BERSAMA;
25;H;;752;-;30 - BC 3.0;00003092821220240117000064;600368;17-01-2024;073732711105000;UD. REZEKI BAHARI;PT. LOGISTIK EKSPRESINDO UTAMA
26;H;;752;-;30 - BC 3.0;01010000258220240117000057;600360;17-01-2024;015167067111000;CV. HARAPAN BERSAMA;PT BIROTIKA SEMESTA
27;H;;752;-;30 - BC 3.0;01010000258220240117000059;600369;17-01-2024;013107743062000;PT BIROTIKA SEMESTA;PT BIROTIKA SEMESTA
28;H;;751;-;30 - BC 3.0;00003092821220240118000076;600400;18-01-2024;942504838125000;PT. DAMAI WALET SENTOSA;PT. LOGISTIK EKSPRESINDO UTAMA
29;H;;751;-;30 - BC 3.0;00003082068420240118000076;600387;18-01-2024;845961077124000;CV. CHEERA KING SEAFOOD;DIRGANTARA SUMATERA EKSPRES
30;H;;751;-;30 - BC 3.0;00003082062720240118000086;600399;18-01-2024;820627214125000;SARANA MAJU BERSAMA;
31;H;;751;-;30 - BC 3.0;00003082062720240118000084;600394;18-01-2024;820627214125000;SARANA MAJU BERSAMA;
32;H;;751;-;30 - BC 3.0;00003082062720240118000085;600392;18-01-2024;820627214125000;SARANA MAJU BERSAMA;
33;H;;751;-;30 - BC 3.0;00003053320220240118000023;600405;18-01-2024;533202974125000;PT. MARTAMBA TAMBA REZEKI;
34;H;;751;-;30 - BC 3.0;00003092821220240117000070;600395;18-01-2024;013451828058000;PT. TAMORA STEKINDO;PT. LOGISTIK EKSPRESINDO UTAMA
35;H;;751;-;30 - BC 3.0;01010000258220240118000064;600396;18-01-2024;013107743062000;PT BIROTIKA SEMESTA;PT BIROTIKA SEMESTA
36;H;;750;-;30 - BC 3.0;00003092568520240119000021;600419;19-01-2024;925685810122000;CV. JAYA LAUT SUMATERA;
37;H;;750;-;30 - BC 3.0;00003092568520240118000019;600415;19-01-2024;925685810122000;CV. JAYA LAUT SUMATERA;
38;H;;750;-;30 - BC 3.0;00003082068420240119000079;600430;19-01-2024;845961077124000;CV. CHEERA KING SEAFOOD;DIRGANTARA SUMATERA EKSPRES
39;H;;750;-;30 - BC 3.0;00003082062720240119000090;600417;19-01-2024;820627214125000;SARANA MAJU BERSAMA;
40;H;;750;-;30 - BC 3.0;00003082062720240119000087;600421;19-01-2024;820627214125000;SARANA MAJU BERSAMA;
41;H;;750;-;30 - BC 3.0;00003092821220240119000086;600433;19-01-2024;800480121125001;PT. CEFA INDONESIA SEJAHTERA LESTARI;PT. LOGISTIK EKSPRESINDO UTAMA
42;H;;750;-;30 - BC 3.0;00003092821220240119000085;600434;19-01-2024;800480121125001;PT. CEFA INDONESIA SEJAHTERA LESTARI;PT. LOGISTIK EKSPRESINDO UTAMA
43;H;;750;-;30 - BC 3.0;00003092821220240119000081;600431;19-01-2024;017275736113000;PT. KREASI FAUNA INDAH;PT. LOGISTIK EKSPRESINDO UTAMA
44;H;;750;-;30 - BC 3.0;01010000258220240119000073;600436;19-01-2024;013107743062000;PT BIROTIKA SEMESTA;PT BIROTIKA SEMESTA
45;H;;749;-;30 - BC 3.0;00003082062720240120000094;600445;20-01-2024;820627214125000;SARANA MAJU BERSAMA;
46;H;;749;-;30 - BC 3.0;00003021016120240120000059;600438;20-01-2024;708297288124000;PUTRI MANALU BERSAUDARA;PUTRA INDONESIA SEJAHTERA
47;H;;749;-;30 - BC 3.0;00003096020820240111000001;600446;20-01-2024;432654440117000;CV. BESCO CITRA INDONESIA;PT. MORA MULTI BERKAH
48;H;;749;-;30 - BC 3.0;00003092821220240120000087;600441;20-01-2024;060893187112000;UD. GROUPER MARINE;PT. LOGISTIK EKSPRESINDO UTAMA
49;H;;749;-;30 - BC 3.0;00003074002520240120000028;600437;20-01-2024;014310247121000;PT PERMATA HIJAU PALM OLEO;PT. MULIA BERJAYA ABADI
50;H;;749;-;30 - BC 3.0;01010000258220240120000076;600443;20-01-2024;013107743062000;PT BIROTIKA SEMESTA;PT BIROTIKA SEMESTA
51;H;;748;-;30 - BC 3.0;00003053320220240121000027;600449;21-01-2024;533202974125000;PT. MARTAMBA TAMBA REZEKI;
52;H;;747;-;30 - BC 3.0;00003092568520240122000023;600458;22-01-2024;925685810122000;CV. JAYA LAUT SUMATERA;
53;H;;747;-;30 - BC 3.0;00003083316220240122000002;600465;22-01-2024;833162191122000;PT.TOP RAWYALE INDONESIA;
54;H;;747;-;30 - BC 3.0;00003082062720240122000099;600452;22-01-2024;820627214125000;SARANA MAJU BERSAMA;
55;H;;747;-;30 - BC 3.0;00003082062720240122000100;600453;22-01-2024;820627214125000;SARANA MAJU BERSAMA;
56;H;;747;-;30 - BC 3.0;00003082062720240122000098;600457;22-01-2024;820627214125000;SARANA MAJU BERSAMA;
57;H;;747;-;30 - BC 3.0;00003031192420240122000049;600462;22-01-2024;708110432125000;PT. ORI GINALNEST INDONESIA;PT. BERLIAN TRANSTAR ABADI
58;H;;747;-;30 - BC 3.0;00003053320220240122000028;600472;22-01-2024;533202974125000;PT. MARTAMBA TAMBA REZEKI;
59;H;;746;-;30 - BC 3.0;00003084834820240122000007;600482;23-01-2024;848348967125000;PT. ANUGERAH WALET JAYA;
60;H;;746;-;30 - BC 3.0;00003082068420240123000086;600484;23-01-2024;845961077124000;CV. CHEERA KING SEAFOOD;DIRGANTARA SUMATERA EKSPRES
61;H;;746;-;30 - BC 3.0;00003082062720240122000097;600480;23-01-2024;820627214125000;SARANA MAJU BERSAMA;
62;H;;746;-;30 - BC 3.0;00003082062720240123000103;600495;23-01-2024;820627214125000;SARANA MAJU BERSAMA;
63;H;;746;-;30 - BC 3.0;00003082062720240123000102;600496;23-01-2024;820627214125000;SARANA MAJU BERSAMA;
64;H;;746;-;30 - BC 3.0;00003092821220240123000097;600500;23-01-2024;807559554125000;PT. MEGA RATU WALET;PT. LOGISTIK EKSPRESINDO UTAMA
65;H;;746;-;30 - BC 3.0;00003021016120240122000067;600477;23-01-2024;708297288124000;PUTRI MANALU BERSAUDARA;PUTRA INDONESIA SEJAHTERA
66;H;;746;-;30 - BC 3.0;00003001718920240123000019;600486;23-01-2024;017189184125000;TOBA SURIMI INDUSTRIES;
67;H;;746;-;30 - BC 3.0;00003074002520240123000032;600499;23-01-2024;014310247121000;PT PERMATA HIJAU PALM OLEO;PT. MULIA BERJAYA ABADI
68;H;;746;-;30 - BC 3.0;01010000258220240123000086;600503;23-01-2024;013107743062000;PT BIROTIKA SEMESTA;PT BIROTIKA SEMESTA
69;H;;745;-;30 - BC 3.0;00003092568520240123000024;600522;24-01-2024;925685810122000;CV. JAYA LAUT SUMATERA;
70;H;;745;-;30 - BC 3.0;00003092568520240123000025;600520;24-01-2024;925685810122000;CV. JAYA LAUT SUMATERA;
71;H;;745;-;30 - BC 3.0;00003082062720240124000104;600513;24-01-2024;820627214125000;SARANA MAJU BERSAMA;
72;H;;745;-;30 - BC 3.0;00003082062720240124000108;600511;24-01-2024;820627214125000;SARANA MAJU BERSAMA;
73;H;;745;-;30 - BC 3.0;00003031192420240124000054;600524;24-01-2024;708110432125000;PT. ORI GINALNEST INDONESIA;PT. BERLIAN TRANSTAR ABADI
74;H;;745;-;30 - BC 3.0;00003031192420240124000053;600525;24-01-2024;708110432125000;PT. ORI GINALNEST INDONESIA;PT. BERLIAN TRANSTAR ABADI
75;H;;745;-;30 - BC 3.0;00003053320220240124000034;600521;24-01-2024;533202974125000;PT. MARTAMBA TAMBA REZEKI;
76;H;;745;-;30 - BC 3.0;00003090523320240124000026;600510;24-01-2024;506077619125000;PT.BUANA UTAMA MESTIKA INDAH;TAMARO TRANS LOGISTIK
77;H;;745;-;30 - BC 3.0;00003021016120240124000075;600518;24-01-2024;097054779122000;UD JUANDA AQUATIC;PUTRA INDONESIA SEJAHTERA
78;H;;745;-;30 - BC 3.0;01010000258220240123000085;600509;24-01-2024;015168784123000;PT. SAMAWOOD UTAMA WORKS INDUSTRIES;PT BIROTIKA SEMESTA
79;H;;745;-;30 - BC 3.0;00003082068420240124000089;600526;24-01-2024;010617975058000;PT. AQUAFARM NUSANTARA;DIRGANTARA SUMATERA EKSPRES
80;H;;744;-;30 - BC 3.0;00003082062720240125000114;600540;25-01-2024;820627214125000;SARANA MAJU BERSAMA;
81;H;;744;-;30 - BC 3.0;00003082062720240125000111;600551;25-01-2024;820627214125000;SARANA MAJU BERSAMA;
82;H;;744;-;30 - BC 3.0;00003074002520240124000033;600530;25-01-2024;014310247121000;PT PERMATA HIJAU PALM OLEO;PT. MULIA BERJAYA ABADI
83;H;;744;-;30 - BC 3.0;01010000258220240125000096;600532;25-01-2024;013107743062000;PT BIROTIKA SEMESTA;PT BIROTIKA SEMESTA
84;H;;743;-;30 - BC 3.0;00003092568520240126000029;600575;26-01-2024;925685810122000;CV. JAYA LAUT SUMATERA;
85;H;;743;-;30 - BC 3.0;00003082062720240125000113;600566;26-01-2024;820627214125000;SARANA MAJU BERSAMA;
86;H;;743;-;30 - BC 3.0;00003082062720240126000120;600579;26-01-2024;820627214125000;SARANA MAJU BERSAMA;
87;H;;743;-;30 - BC 3.0;00003021016120240126000078;600571;26-01-2024;708297288124000;PUTRI MANALU BERSAUDARA;PUTRA INDONESIA SEJAHTERA
88;H;;743;-;30 - BC 3.0;00003053320220240126000036;600587;26-01-2024;533202974125000;PT. MARTAMBA TAMBA REZEKI;
89;H;;743;-;30 - BC 3.0;00003021016120240126000081;600582;26-01-2024;097054779122000;UD JUANDA AQUATIC;PUTRA INDONESIA SEJAHTERA
90;H;;743;-;30 - BC 3.0;00003092821220240126000111;600563;26-01-2024;013451828058000;PT. TAMORA STEKINDO;PT. LOGISTIK EKSPRESINDO UTAMA
91;H;;743;-;30 - BC 3.0;00003092821220240126000113;600564;26-01-2024;013451828058000;PT. TAMORA STEKINDO;PT. LOGISTIK EKSPRESINDO UTAMA
92;H;;743;-;30 - BC 3.0;01010000258220240126000108;600588;26-01-2024;013107743062000;PT BIROTIKA SEMESTA;PT BIROTIKA SEMESTA
93;H;;743;-;30 - BC 3.0;00003001225220240125000018;600557;26-01-2024;012252029123000;MEDAN TROPICAL CANNING&FROZENINDUSTRIES;
94;H;;742;-;30 - BC 3.0;00003092568520240127000030;600590;27-01-2024;925685810122000;CV. JAYA LAUT SUMATERA;
95;H;;742;-;30 - BC 3.0;00003082068420240127000097;600594;27-01-2024;845961077124000;CV. CHEERA KING SEAFOOD;DIRGANTARA SUMATERA EKSPRES
96;H;;742;-;30 - BC 3.0;00003082068420240127000094;600591;27-01-2024;845961077124000;CV. CHEERA KING SEAFOOD;DIRGANTARA SUMATERA EKSPRES
97;H;;742;-;30 - BC 3.0;00003082062720240127000125;600597;27-01-2024;820627214125000;SARANA MAJU BERSAMA;
98;H;;742;-;30 - BC 3.0;00003082062720240127000126;600598;27-01-2024;820627214125000;SARANA MAJU BERSAMA;
99;H;;742;-;30 - BC 3.0;00003082062720240127000128;600600;27-01-2024;820627214125000;SARANA MAJU BERSAMA;
100;H;;742;-;30 - BC 3.0;00003082062720240126000121;600599;27-01-2024;820627214125000;SARANA MAJU BERSAMA;
101;H;;742;-;30 - BC 3.0;00003082062720240127000124;600596;27-01-2024;820627214125000;SARANA MAJU BERSAMA;
102;H;;742;-;30 - BC 3.0;00003053320220240127000038;600602;27-01-2024;533202974125000;PT. MARTAMBA TAMBA REZEKI;
103;H;;742;-;30 - BC 3.0;01010000258220240127000110;600595;27-01-2024;013107743062000;PT BIROTIKA SEMESTA;PT BIROTIKA SEMESTA
104;H;;740;-;30 - BC 3.0;00003092821220240129000120;600627;29-01-2024;942504838125000;PT. DAMAI WALET SENTOSA;PT. LOGISTIK EKSPRESINDO UTAMA
105;H;;740;-;30 - BC 3.0;00003092568520240129000031;600611;29-01-2024;925685810122000;CV. JAYA LAUT SUMATERA;
106;H;;740;-;30 - BC 3.0;00003084834820240126000009;600616;29-01-2024;848348967125000;PT. ANUGERAH WALET JAYA;
107;H;;740;-;30 - BC 3.0;00003082062720240129000130;600620;29-01-2024;820627214125000;SARANA MAJU BERSAMA;
108;H;;740;-;30 - BC 3.0;00003053320220240129000040;600630;29-01-2024;533202974125000;PT. MARTAMBA TAMBA REZEKI;
109;H;;740;-;30 - BC 3.0;00003092821220240129000119;600618;29-01-2024;073732711105000;UD. REZEKI BAHARI;PT. LOGISTIK EKSPRESINDO UTAMA
110;H;;740;-;30 - BC 3.0;00003082068420240129000098;600626;29-01-2024;030605901112000;PT. LAUTAN PERSADA;DIRGANTARA SUMATERA EKSPRES
111;H;;740;-;30 - BC 3.0;00003001718920240129000114;600604;29-01-2024;017189184125000;TOBA SURIMI INDUSTRIES;
112;H;;740;-;30 - BC 3.0;00003001430120240129000010;600607;29-01-2024;014301519122000;PT. RAYA ABADI KENCANA;PT. RAYA ABADI KENCANA
113;H;;740;-;30 - BC 3.0;00003001430120240129000009;600606;29-01-2024;014301519122000;PT. RAYA ABADI KENCANA;PT. RAYA ABADI KENCANA
114;H;;740;-;30 - BC 3.0;01010000258220240129000111;600625;29-01-2024;013107743062000;PT BIROTIKA SEMESTA;PT BIROTIKA SEMESTA
115;H;;739;-;30 - BC 3.0;00003082068420240130000099;600637;30-01-2024;845961077124000;CV. CHEERA KING SEAFOOD;DIRGANTARA SUMATERA EKSPRES
116;H;;739;-;30 - BC 3.0;00003082062720240130000134;600641;30-01-2024;820627214125000;SARANA MAJU BERSAMA;
117;H;;739;-;30 - BC 3.0;00003082062720240130000136;600642;30-01-2024;820627214125000;SARANA MAJU BERSAMA;
118;H;;739;-;30 - BC 3.0;00003021016120240130000088;600636;30-01-2024;210826228122000;SUMARTA;PUTRA INDONESIA SEJAHTERA
119;H;;739;-;30 - BC 3.0;00003003227620240130000004;600647;30-01-2024;032276750043000;MUTIARA LAUT ABADI;
120;H;;738;-;30 - BC 3.0;00003092568520240131000034;600657;31-01-2024;925685810122000;CV. JAYA LAUT SUMATERA;
121;H;;738;-;30 - BC 3.0;00003082062720240131000138;600665;31-01-2024;820627214125000;SARANA MAJU BERSAMA;
122;H;;738;-;30 - BC 3.0;00003001430120240131000012;600651;31-01-2024;014301519122000;PT.RAYA ABADI KENCANA;PT.RAYA ABADI KENCANA
123;H;;737;-;30 - BC 3.0;00003092568520240201000035;600684;01-02-2024;925685810122000;CV. JAYA LAUT SUMATERA;
124;H;;737;-;30 - BC 3.0;00003082062720240131000142;600679;01-02-2024;820627214125000;SARANA MAJU BERSAMA;
125;H;;737;-;30 - BC 3.0;00003053320220240131000042;600675;01-02-2024;533202974125000;PT. MARTAMBA TAMBA REZEKI;
126;H;;737;-;30 - BC 3.0;00003092821220240131000129;600674;01-02-2024;099092686112000;UD. ROYAL MARINE CENTRE;PT. LOGISTIK EKSPRESINDO UTAMA
127;H;;737;-;30 - BC 3.0;00003003199720240201000249;600690;01-02-2024;031997299063000;UNILEVER OLEOCHEMICAL INDONESIA;
128;H;;737;-;30 - BC 3.0;00003001718920240201000116;600685;01-02-2024;017189184125000;TOBA SURIMI INDUSTRIES;
129;H;;737;-;30 - BC 3.0;00003074002520240201000038;600691;01-02-2024;014310247121000;PT PERMATA HIJAU PALM OLEO;PT. MULIA BERJAYA ABADI
130;H;;737;-;30 - BC 3.0;00003074002520240201000039;600692;01-02-2024;014310247121000;PT PERMATA HIJAU PALM OLEO;PT. MULIA BERJAYA ABADI
131;H;;737;-;30 - BC 3.0;01010000258220240201000126;600696;01-02-2024;013107743062000;PT BIROTIKA SEMESTA;PT BIROTIKA SEMESTA
132;H;;736;-;30 - BC 3.0;00003082062720240201000145;600699;02-02-2024;820627214125000;SARANA MAJU BERSAMA;
133;H;;736;-;30 - BC 3.0;00003082062720240202000150;600716;02-02-2024;820627214125000;SARANA MAJU BERSAMA;
134;H;;736;-;30 - BC 3.0;00003053202520240202000013;600704;02-02-2024;532025061124000;CV. SENTRA MAJU UTAMA;
135;H;;736;-;30 - BC 3.0;00003001430120240202000018;600721;02-02-2024;097054779122000;UD JUANDA AQUATIC;PT.RAYA ABADI KENCANA
136;H;;736;-;30 - BC 3.0;00003092821220240202000140;600719;02-02-2024;073732711105000;UD. REZEKI BAHARI;PT. LOGISTIK EKSPRESINDO UTAMA
137;H;;736;-;30 - BC 3.0;01010000258220240202000127;600720;02-02-2024;013107743062000;PT BIROTIKA SEMESTA;PT BIROTIKA SEMESTA
138;H;;736;-;30 - BC 3.0;01010000258220240202000129;600723;02-02-2024;013107743062000;PT BIROTIKA SEMESTA;PT BIROTIKA SEMESTA
139;H;;735;-;30 - BC 3.0;00003092568520240203000038;600731;03-02-2024;925685810122000;CV. JAYA LAUT SUMATERA;
140;H;;735;-;30 - BC 3.0;00003082068420240203000111;600729;03-02-2024;845961077124000;CV. CHEERA KING SEAFOOD;DIRGANTARA SUMATERA EKSPRES
141;H;;735;-;30 - BC 3.0;00003021016120240203000099;600727;03-02-2024;708297288124000;PUTRI MANALU BERSAUDARA;PUTRA INDONESIA SEJAHTERA
142;H;;734;-;30 - BC 3.0;00003092821220240204000142;600737;04-02-2024;953323813113000;CV. KURNIA AGRO SUBUR;PT. LOGISTIK EKSPRESINDO UTAMA
143;H;;733;-;30 - BC 3.0;00003082068420240205000113;600756;05-02-2024;902933480112000;PT. ANUGERAH ALAM INDUSTRI;DIRGANTARA SUMATERA EKSPRES
144;H;;733;-;30 - BC 3.0;00003082062720240205000161;600745;05-02-2024;820627214125000;SARANA MAJU BERSAMA;
145;H;;733;-;30 - BC 3.0;00003053320220240205000045;600746;05-02-2024;533202974125000;PT. MARTAMBA TAMBA REZEKI;
146;H;;733;-;30 - BC 3.0;00003053202520240202000012;600742;05-02-2024;532025061124000;CV. SENTRA MAJU UTAMA;
147;H;;733;-;30 - BC 3.0;00003053202520240205000015;600740;05-02-2024;532025061124000;CV. SENTRA MAJU UTAMA;
148;H;;733;-;30 - BC 3.0;00003031287120240203000003;600752;05-02-2024;312871254124000;PT. OPAL COFFEE INDONESIA;
149;H;;733;-;30 - BC 3.0;00003001430120240205000019;600753;05-02-2024;097054779122000;UD JUANDA AQUATIC;PT.RAYA ABADI KENCANA
150;H;;733;-;30 - BC 3.0;01010000258220240205000133;600755;05-02-2024;013107743062000;PT BIROTIKA SEMESTA;PT BIROTIKA SEMESTA
151;H;;732;-;30 - BC 3.0;00003082068420240206000114;600766;06-02-2024;845961077124000;CV. CHEERA KING SEAFOOD;DIRGANTARA SUMATERA EKSPRES
152;H;;732;-;30 - BC 3.0;00003082062720240206000168;600767;06-02-2024;820627214125000;SARANA MAJU BERSAMA;
153;H;;732;-;30 - BC 3.0;00003082062720240206000164;600777;06-02-2024;820627214125000;SARANA MAJU BERSAMA;
154;H;;732;-;30 - BC 3.0;00003082062720240205000162;600758;06-02-2024;820627214125000;SARANA MAJU BERSAMA;
155;H;;732;-;30 - BC 3.0;00003082062720240206000169;600769;06-02-2024;820627214125000;SARANA MAJU BERSAMA;
156;H;;732;-;30 - BC 3.0;00003082062720240206000171;600773;06-02-2024;820627214125000;SARANA MAJU BERSAMA;
157;H;;732;-;30 - BC 3.0;00003082062720240206000170;600765;06-02-2024;820627214125000;SARANA MAJU BERSAMA;
158;H;;732;-;30 - BC 3.0;00003053202520240206000017;600759;06-02-2024;532025061124000;CV. SENTRA MAJU UTAMA;
159;H;;732;-;30 - BC 3.0;00003053202520240206000016;600763;06-02-2024;532025061124000;CV. SENTRA MAJU UTAMA;
160;H;;732;-;30 - BC 3.0;00003001718920240206000122;600761;06-02-2024;017189184125000;TOBA SURIMI INDUSTRIES;
161;H;;732;-;30 - BC 3.0;00003002591120240205000006;600771;06-02-2024;015163751123000;PT. GROWTH ASIA;GLOBAL TRANS NUSA
162;H;;732;-;30 - BC 3.0;01010000258220240206000135;600772;06-02-2024;011000163092000;PT. MUSIM MAS;PT BIROTIKA SEMESTA
163;H;;731;-;30 - BC 3.0;00003092568520240207000041;600794;07-02-2024;925685810122000;CV. JAYA LAUT SUMATERA;
164;H;;731;-;30 - BC 3.0;00003082068420240207000115;600784;07-02-2024;845961077124000;CV. CHEERA KING SEAFOOD;DIRGANTARA SUMATERA EKSPRES
165;H;;731;-;30 - BC 3.0;00003082062720240207000174;600783;07-02-2024;820627214125000;SARANA MAJU BERSAMA;
166;H;;731;-;30 - BC 3.0;00003082062720240207000172;600790;07-02-2024;820627214125000;SARANA MAJU BERSAMA;
167;H;;731;-;30 - BC 3.0;00003082062720240207000176;600789;07-02-2024;820627214125000;SARANA MAJU BERSAMA;
168;H;;731;-;30 - BC 3.0;00003082062720240207000173;600796;07-02-2024;820627214125000;SARANA MAJU BERSAMA;
169;H;;731;-;30 - BC 3.0;00003082062720240207000175;600802;07-02-2024;820627214125000;SARANA MAJU BERSAMA;
170;H;;731;-;30 - BC 3.0;00003021016120240207000105;600788;07-02-2024;708297288124000;PUTRI MANALU BERSAUDARA;PUTRA INDONESIA SEJAHTERA
171;H;;731;-;30 - BC 3.0;00003053202520240207000020;600795;07-02-2024;532025061124000;CV. SENTRA MAJU UTAMA;
172;H;;731;-;30 - BC 3.0;00003082068420240207000118;600793;07-02-2024;420488702125000;SUMBER LAUT PERCUT;DIRGANTARA SUMATERA EKSPRES
173;H;;731;-;30 - BC 3.0;00003082068420240207000116;600785;07-02-2024;420488702125000;SUMBER LAUT PERCUT;DIRGANTARA SUMATERA EKSPRES
174;H;;731;-;30 - BC 3.0;00003001430120240207000022;600786;07-02-2024;097054779122000;UD JUANDA AQUATIC;PT.RAYA ABADI KENCANA
175;H;;731;-;30 - BC 3.0;05010000006720231229003529;600800;07-02-2024;015163751123000;PT GROWTH ASIA;PT BIROTIKA SEMESTA
176;H;;731;-;30 - BC 3.0;00003074002520240206000044;600780;07-02-2024;014310247121000;PT PERMATA HIJAU PALM OLEO;PT. MULIA BERJAYA ABADI
177;H;;731;-;30 - BC 3.0;01010000258220240207000144;600803;07-02-2024;013107743062000;PT BIROTIKA SEMESTA;PT BIROTIKA SEMESTA
178;H;;731;-;30 - BC 3.0;01010000258220240207000139;600787;07-02-2024;013107743062000;PT BIROTIKA SEMESTA;PT BIROTIKA SEMESTA
179;H;;729;-;30 - BC 3.0;00003021016120240209000107;600804;09-02-2024;708297288124000;PUTRI MANALU BERSAUDARA;PUTRA INDONESIA SEJAHTERA
180;H;;726;-;30 - BC 3.0;01010000258220240209000146;600814;12-02-2024;934989617112000;CV. MANDIRI KOPI;PT BIROTIKA SEMESTA
181;H;;726;-;30 - BC 3.0;00003092568520240211000044;600819;12-02-2024;925685810122000;CV. JAYA LAUT SUMATERA;
182;H;;726;-;30 - BC 3.0;00003082068420240212000120;600832;12-02-2024;845961077124000;CV. CHEERA KING SEAFOOD;DIRGANTARA SUMATERA EKSPRES
183;H;;726;-;30 - BC 3.0;00003082062720240212000181;600821;12-02-2024;820627214125000;SARANA MAJU BERSAMA;
184;H;;726;-;30 - BC 3.0;00003082062720240212000183;600822;12-02-2024;820627214125000;SARANA MAJU BERSAMA;
185;H;;726;-;30 - BC 3.0;00003082062720240212000177;600823;12-02-2024;820627214125000;SARANA MAJU BERSAMA;
186;H;;726;-;30 - BC 3.0;00003082062720240212000179;600827;12-02-2024;820627214125000;SARANA MAJU BERSAMA;
187;H;;726;-;30 - BC 3.0;00003031192420240207000082;600820;12-02-2024;708110432125000;PT. ORI GINALNEST INDONESIA;PT. BERLIAN TRANSTAR ABADI
188;H;;726;-;30 - BC 3.0;00003001430120240212000025;600813;12-02-2024;097054779122000;UD JUANDA AQUATIC;PT.RAYA ABADI KENCANA
189;H;;726;-;30 - BC 3.0;01010000258220240212000150;600816;12-02-2024;013107743062000;PT BIROTIKA SEMESTA;PT BIROTIKA SEMESTA
190;H;;725;-;30 - BC 3.0;00003092568520240213000046;600836;13-02-2024;925685810122000;CV. JAYA LAUT SUMATERA;
191;H;;725;-;30 - BC 3.0;00003084834820240213000011;600845;13-02-2024;848348967125000;PT. ANUGERAH WALET JAYA;
192;H;;725;-;30 - BC 3.0;00003053320220240213000046;600850;13-02-2024;533202974125000;PT. MARTAMBA TAMBA REZEKI;
193;H;;725;-;30 - BC 3.0;00003053320220240213000047;600851;13-02-2024;533202974125000;PT. MARTAMBA TAMBA REZEKI;
194;H;;725;-;30 - BC 3.0;00003021016120240213000114;600842;13-02-2024;210826228122000;SUMARTA;PUTRA INDONESIA SEJAHTERA
195;M;N;725;723;30 - BC 3.0;01010000258220240212000152;600839;13-02-2024;019751791123000;PT WASCO AGROTECH INDONESIA;PT BIROTIKA SEMESTA
196;H;;725;-;30 - BC 3.0;01010000258220240213000155;600844;13-02-2024;015168784123000;PT. SAMAWOOD UTAMA WORKS INDUSTRIES;PT BIROTIKA SEMESTA
197;H;;725;-;30 - BC 3.0;00003082068420240212000126;600835;13-02-2024;014386171641000;PT. SURI TANI PEMUKA;DIRGANTARA SUMATERA EKSPRES
198;H;;723;-;30 - BC 3.0;00003082062720240215000187;600857;15-02-2024;820627214125000;SARANA MAJU BERSAMA;
199;H;;723;-;30 - BC 3.0;00003082062720240215000190;600861;15-02-2024;820627214125000;SARANA MAJU BERSAMA;
200;H;;723;-;30 - BC 3.0;00003053202520240215000025;600866;15-02-2024;532025061124000;CV. SENTRA MAJU UTAMA;
201;H;;723;-;30 - BC 3.0;00003031479320240215000968;600863;15-02-2024;314793480125000;SAGAMI INDONESIA;
202;H;;723;-;30 - BC 3.0;01010000258220240213000156;600867;15-02-2024;015168784123000;PT. SAMAWOOD UTAMA WORKS INDUSTRIES;PT BIROTIKA SEMESTA
203;H;;723;-;30 - BC 3.0;00003092821220240215000161;600869;15-02-2024;013451828058000;PT. TAMORA STEKINDO;PT. LOGISTIK EKSPRESINDO UTAMA
204;H;;723;-;30 - BC 3.0;01010000258220240215000161;600865;15-02-2024;013107743062000;PT BIROTIKA SEMESTA;PT BIROTIKA SEMESTA
205;H;;722;-;30 - BC 3.0;00003092821220240212000157;600879;16-02-2024;942504838125000;PT. DAMAI WALET SENTOSA;PT. LOGISTIK EKSPRESINDO UTAMA
206;H;;722;-;30 - BC 3.0;00003092821220240212000152;600884;16-02-2024;800480121125001;PT. CEFA INDONESIA SEJAHTERA LESTARI;PT. LOGISTIK EKSPRESINDO UTAMA
207;H;;722;-;30 - BC 3.0;00003092821220240216000164;600896;16-02-2024;800480121125001;PT. CEFA INDONESIA SEJAHTERA LESTARI;PT. LOGISTIK EKSPRESINDO UTAMA
208;H;;722;-;30 - BC 3.0;00003092821220240212000153;600882;16-02-2024;800480121125001;PT. CEFA INDONESIA SEJAHTERA LESTARI;PT. LOGISTIK EKSPRESINDO UTAMA
209;H;;722;-;30 - BC 3.0;00003092821220240212000154;600878;16-02-2024;800480121125001;PT. CEFA INDONESIA SEJAHTERA LESTARI;PT. LOGISTIK EKSPRESINDO UTAMA
210;H;;722;-;30 - BC 3.0;00003053202520240215000023;600873;16-02-2024;532025061124000;CV. SENTRA MAJU UTAMA;
211;H;;722;-;30 - BC 3.0;01010000258220240216000165;600897;16-02-2024;015168784123000;PT. SAMAWOOD UTAMA WORKS INDUSTRIES;PT BIROTIKA SEMESTA
212;H;;722;-;30 - BC 3.0;00003074002520240215000054;600871;16-02-2024;014310247121000;PT PERMATA HIJAU PALM OLEO;PT. MULIA BERJAYA ABADI
213;H;;722;-;30 - BC 3.0;01010000258220240215000163;600898;16-02-2024;010617975058000;AQUAFARM NUSANTARA;PT BIROTIKA SEMESTA
214;H;;721;-;30 - BC 3.0;00003082068420240217000131;600904;17-02-2024;845961077124000;CV. CHEERA KING SEAFOOD;DIRGANTARA SUMATERA EKSPRES
215;H;;721;-;30 - BC 3.0;00003082062720240217000193;600903;17-02-2024;820627214125000;SARANA MAJU BERSAMA;
216;H;;721;-;30 - BC 3.0;00003092821220240217000166;600901;17-02-2024;315451575122000;PT CITRA KARSA YASA;PT. LOGISTIK EKSPRESINDO UTAMA
217;H;;721;-;30 - BC 3.0;01010000258220240217000171;600905;17-02-2024;013107743062000;PT BIROTIKA SEMESTA;PT BIROTIKA SEMESTA
218;H;;720;-;30 - BC 3.0;00003053320220240218000050;600908;18-02-2024;533202974125000;PT. MARTAMBA TAMBA REZEKI;
219;H;;719;-;30 - BC 3.0;00003092568520240219000050;600912;19-02-2024;925685810122000;CV. JAYA LAUT SUMATERA;
220;H;;719;-;30 - BC 3.0;00003082062720240219000195;600915;19-02-2024;820627214125000;SARANA MAJU BERSAMA;
221;H;;719;-;30 - BC 3.0;00003082062720240219000197;600914;19-02-2024;820627214125000;SARANA MAJU BERSAMA;
222;H;;719;-;30 - BC 3.0;00003090523320240219000045;600923;19-02-2024;506077619125000;PT.BUANA UTAMA MESTIKA INDAH;TAMARO TRANS LOGISTIK
223;H;;719;-;30 - BC 3.0;00003001430120240219000029;600917;19-02-2024;097054779122000;UD JUANDA AQUATIC;PT.RAYA ABADI KENCANA
224;H;;719;-;30 - BC 3.0;00003074002520240219000057;600919;19-02-2024;014310247121000;PT PERMATA HIJAU PALM OLEO;PT. MULIA BERJAYA ABADI
225;H;;719;-;30 - BC 3.0;00003001305120240219000005;600922;19-02-2024;013418892128000;PT WAHANA GRAHA MAKMUR;PT.PRIMA INTERNATIONAL CARGO
226;H;;719;-;30 - BC 3.0;01010000258220240219000174;600918;19-02-2024;013107743062000;PT BIROTIKA SEMESTA;PT BIROTIKA SEMESTA
227;H;;718;-;30 - BC 3.0;00003084834820240219000012;600927;20-02-2024;848348967125000;PT. ANUGERAH WALET JAYA;
228;H;;718;-;30 - BC 3.0;00003090523320240220000047;600933;20-02-2024;506077619125000;PT.BUANA UTAMA MESTIKA INDAH;TAMARO TRANS LOGISTIK
229;H;;718;-;30 - BC 3.0;01010000258220240220000183;600935;20-02-2024;013107743062000;PT BIROTIKA SEMESTA;PT BIROTIKA SEMESTA
230;H;;718;-;30 - BC 3.0;01010000258220240220000179;600928;20-02-2024;013107743062000;PT BIROTIKA SEMESTA;PT BIROTIKA SEMESTA
231;H;;718;-;30 - BC 3.0;00003001225220240220000037;600930;20-02-2024;012252029123000;MEDAN TROPICAL CANNING&FROZENINDUSTRIES;
232;H;;717;-;30 - BC 3.0;00003082062720240221000201;600938;21-02-2024;820627214125000;SARANA MAJU BERSAMA;
233;H;;717;-;30 - BC 3.0;00003092821220240221000176;600946;21-02-2024;800480121125001;PT. CEFA INDONESIA SEJAHTERA LESTARI;PT. LOGISTIK EKSPRESINDO UTAMA
234;H;;717;-;30 - BC 3.0;00003053320220240221000052;600940;21-02-2024;533202974125000;PT. MARTAMBA TAMBA REZEKI;
235;H;;717;-;30 - BC 3.0;00003021016120240221000132;600949;21-02-2024;506077619125000;PT. BUANA UTAMA MESTIKA INDAH;PUTRA INDONESIA SEJAHTERA
236;H;;717;-;30 - BC 3.0;00003001430120240221000030;600942;21-02-2024;097054779122000;UD JUANDA AQUATIC;PT.RAYA ABADI KENCANA
237;H;;717;-;30 - BC 3.0;00003074002520240221000058;600944;21-02-2024;014310247121000;PT PERMATA HIJAU PALM OLEO;PT. MULIA BERJAYA ABADI
238;H;;717;-;30 - BC 3.0;01010000258220240221000190;600948;21-02-2024;013107743062000;PT BIROTIKA SEMESTA;PT BIROTIKA SEMESTA
239;H;;716;-;30 - BC 3.0;00003083316220240202000004;600959;22-02-2024;833162191122000;PT.TOP RAWYALE INDONESIA;
240;H;;716;-;30 - BC 3.0;00003082062720240222000202;600956;22-02-2024;820627214125000;SARANA MAJU BERSAMA;
241;H;;716;-;30 - BC 3.0;00003082062720240222000203;600957;22-02-2024;820627214125000;SARANA MAJU BERSAMA;
242;H;;716;-;30 - BC 3.0;00003092821220240220000169;600964;22-02-2024;752518951111000;PT. MANDIRI ABADI PERMAI;LOGISTIK EKSPRESINDO UTAMA
243;H;;716;-;30 - BC 3.0;01010000258220240221000185;600950;22-02-2024;015168784123000;PT. SAMAWOOD UTAMA WORKS INDUSTRIES;PT BIROTIKA SEMESTA
244;H;;716;-;30 - BC 3.0;00003092821220240222000185;600965;22-02-2024;013451828058000;PT. TAMORA STEKINDO;PT. LOGISTIK EKSPRESINDO UTAMA
245;H;;716;-;30 - BC 3.0;00003092821220240222000186;600966;22-02-2024;013451828058000;PT. TAMORA STEKINDO;PT. LOGISTIK EKSPRESINDO UTAMA
246;H;;716;-;30 - BC 3.0;01010000258220240222000191;600963;22-02-2024;013107743062000;PT BIROTIKA SEMESTA;PT BIROTIKA SEMESTA
247;H;;715;-;30 - BC 3.0;00003082062720240223000206;600974;23-02-2024;820627214125000;SARANA MAJU BERSAMA;
248;H;;715;-;30 - BC 3.0;00003082062720240222000205;600971;23-02-2024;820627214125000;SARANA MAJU BERSAMA;
249;H;;715;-;30 - BC 3.0;00003092821220240222000182;600978;23-02-2024;800480121125001;PT. CEFA INDONESIA SEJAHTERA LESTARI;PT. LOGISTIK EKSPRESINDO UTAMA
250;H;;715;-;30 - BC 3.0;00003031192420240223000103;600983;23-02-2024;708110432125000;PT. ORI GINALNEST INDONESIA;PT. BERLIAN TRANSTAR ABADI
251;H;;715;-;30 - BC 3.0;00003090523320240223000054;600981;23-02-2024;506077619125000;PT.BUANA UTAMA MESTIKA INDAH;TAMARO TRANS LOGISTIK
252;H;;715;-;30 - BC 3.0;00003031479320240222000988;600970;23-02-2024;314793480125000;SAGAMI INDONESIA;
253;H;;715;-;30 - BC 3.0;00003031287120240223000004;600982;23-02-2024;312871254124000;PT. OPAL COFFEE INDONESIA;
254;H;;715;-;30 - BC 3.0;00003092821220240223000190;600984;23-02-2024;099092686112000;UD. ROYAL MARINE CENTRE;PT. LOGISTIK EKSPRESINDO UTAMA
255;H;;715;-;30 - BC 3.0;00003001430120240223000032;600979;23-02-2024;097054779122000;UD JUANDA AQUATIC;PT.RAYA ABADI KENCANA
256;H;;715;-;30 - BC 3.0;00003074002520240222000059;600972;23-02-2024;014892640123000;PT. NUBIKA JAYA;PT. MULIA BERJAYA ABADI
257;H;;715;-;30 - BC 3.0;01010000258220240223000197;600986;23-02-2024;014226609123000;PT. STARINDO PRIMA;PT BIROTIKA SEMESTA
258;H;;714;-;30 - BC 3.0;00003092568520240224000051;600995;24-02-2024;925685810122000;CV. JAYA LAUT SUMATERA;
259;H;;714;-;30 - BC 3.0;00003082068420240224000138;600994;24-02-2024;845961077124000;CV. CHEERA KING SEAFOOD;DIRGANTARA SUMATERA EKSPRES
260;H;;714;-;30 - BC 3.0;00003053320220240224000055;601002;24-02-2024;533202974125000;PT. MARTAMBA TAMBA REZEKI;
261;H;;714;-;30 - BC 3.0;00003053202520240224000031;600992;24-02-2024;532025061124000;CV. SENTRA MAJU UTAMA;
262;H;;714;-;30 - BC 3.0;01010000258220240220000178;600996;24-02-2024;024196123059000;PT. SUMATERA SPECIALTY COFFEES;PT BIROTIKA SEMESTA
263;H;;714;-;30 - BC 3.0;01010000258220240224000204;601000;24-02-2024;013107743062000;PT BIROTIKA SEMESTA;PT BIROTIKA SEMESTA
264;H;;712;-;30 - BC 3.0;00003092568520240226000052;601017;26-02-2024;925685810122000;CV. JAYA LAUT SUMATERA;
265;H;;712;-;30 - BC 3.0;00003082068420240226000141;601018;26-02-2024;845961077124000;CV. CHEERA KING SEAFOOD;DIRGANTARA SUMATERA EKSPRES
266;H;;712;-;30 - BC 3.0;00003092821220240226000196;601020;26-02-2024;800480121125001;PT. CEFA INDONESIA SEJAHTERA LESTARI;PT. LOGISTIK EKSPRESINDO UTAMA
267;H;;712;-;30 - BC 3.0;00003092821220240226000195;601021;26-02-2024;800480121125001;PT. CEFA INDONESIA SEJAHTERA LESTARI;PT. LOGISTIK EKSPRESINDO UTAMA
268;H;;712;-;30 - BC 3.0;00003053320220240226000058;601007;26-02-2024;533202974125000;PT. MARTAMBA TAMBA REZEKI;
269;H;;712;-;30 - BC 3.0;00003053320220240226000059;601025;26-02-2024;533202974125000;PT. MARTAMBA TAMBA REZEKI;
270;H;;712;-;30 - BC 3.0;00003090523320240226000056;601008;26-02-2024;506077619125000;PT.BUANA UTAMA MESTIKA INDAH;TAMARO TRANS LOGISTIK
271;H;;712;-;30 - BC 3.0;00003001430120240226000033;601010;26-02-2024;010692044511000;PT.SELEKTANI INDUK USAHA;PT.RAYA ABADI KENCANA
272;H;;711;-;30 - BC 3.0;00003084834820240224000013;601027;27-02-2024;848348967125000;PT. ANUGERAH WALET JAYA;
273;H;;711;-;30 - BC 3.0;00003082062720240226000210;601029;27-02-2024;820627214125000;SARANA MAJU BERSAMA;
274;H;;711;-;30 - BC 3.0;00003092821220240226000194;601041;27-02-2024;800480121125001;PT. CEFA INDONESIA SEJAHTERA LESTARI;PT. LOGISTIK EKSPRESINDO UTAMA
275;H;;711;-;30 - BC 3.0;00003031192420240227000108;601034;27-02-2024;708110432125000;PT. ORI GINALNEST INDONESIA;PT. BERLIAN TRANSTAR ABADI
276;H;;711;-;30 - BC 3.0;00003053320220240227000062;601030;27-02-2024;533202974125000;PT. MARTAMBA TAMBA REZEKI;
277;H;;711;-;30 - BC 3.0;00003053320220240227000061;601042;27-02-2024;533202974125000;PT. MARTAMBA TAMBA REZEKI;
278;H;;711;-;30 - BC 3.0;00003053320220240227000064;601040;27-02-2024;533202974125000;PT. MARTAMBA TAMBA REZEKI;
279;H;;711;-;30 - BC 3.0;00003074002520240227000062;601031;27-02-2024;014310247121000;PT PERMATA HIJAU PALM OLEO;PT. MULIA BERJAYA ABADI
280;H;;711;-;30 - BC 3.0;01010000258220240227000210;601036;27-02-2024;013107743062000;PT BIROTIKA SEMESTA;PT BIROTIKA SEMESTA
281;H;;711;-;30 - BC 3.0;01010000258220240227000212;601043;27-02-2024;013107743062000;PT BIROTIKA SEMESTA;PT BIROTIKA SEMESTA
282;H;;711;-;30 - BC 3.0;00003092821220240227000200;601038;27-02-2024;010018067092000;PT. SOCFIN INDONESIA;PT. LOGISTIK EKSPRESINDO UTAMA
283;H;;710;-;30 - BC 3.0;00003092568520240228000053;601047;28-02-2024;925685810122000;CV. JAYA LAUT SUMATERA;
284;H;;710;-;30 - BC 3.0;00003084834820240227000015;601046;28-02-2024;848348967125000;PT. ANUGERAH WALET JAYA;
285;H;;710;-;30 - BC 3.0;00003082068420240228000144;601048;28-02-2024;845961077124000;CV. CHEERA KING SEAFOOD;DIRGANTARA SUMATERA EKSPRES
286;H;;710;-;30 - BC 3.0;00003053320220240228000065;601054;28-02-2024;533202974125000;PT. MARTAMBA TAMBA REZEKI;
287;H;;710;-;30 - BC 3.0;00003001430120240228000035;601050;28-02-2024;097054779122000;UD JUANDA AQUATIC;PT.RAYA ABADI KENCANA
288;H;;710;-;30 - BC 3.0;00003001127920240228000051;601044;28-02-2024;011279056123000;CV. AROMA & CO;
289;H;;709;-;30 - BC 3.0;00003082062720240229000212;601065;29-02-2024;820627214125000;SARANA MAJU BERSAMA;
290;H;;709;-;30 - BC 3.0;00003082062720240229000213;601063;29-02-2024;820627214125000;SARANA MAJU BERSAMA;
291;H;;709;-;30 - BC 3.0;00003082062720240229000214;601066;29-02-2024;820627214125000;SARANA MAJU BERSAMA;
292;H;;709;-;30 - BC 3.0;00003092821220240229000202;601071;29-02-2024;807559554125000;PT. MEGA RATU WALET;PT. LOGISTIK EKSPRESINDO UTAMA
293;H;;709;-;30 - BC 3.0;00003053320220240229000067;601075;29-02-2024;533202974125000;PT. MARTAMBA TAMBA REZEKI;
294;H;;709;-;30 - BC 3.0;01010000258220240229000226;601062;29-02-2024;013107743062000;PT BIROTIKA SEMESTA;PT BIROTIKA SEMESTA
295;H;;709;-;30 - BC 3.0;01010000258220240228000215;601061;29-02-2024;011000163092000;PT. MUSIM MAS;PT BIROTIKA SEMESTA
296;H;;708;-;30 - BC 3.0;00003084834820240229000016;601080;01-03-2024;848348967125000;PT. ANUGERAH WALET JAYA;
297;H;;708;-;30 - BC 3.0;00003092821220240229000206;601088;01-03-2024;800480121125001;PT. CEFA INDONESIA SEJAHTERA LESTARI;PT. LOGISTIK EKSPRESINDO UTAMA
298;H;;708;-;30 - BC 3.0;00003092821220240229000205;601087;01-03-2024;800480121125001;PT. CEFA INDONESIA SEJAHTERA LESTARI;PT. LOGISTIK EKSPRESINDO UTAMA
299;H;;708;-;30 - BC 3.0;00003031479320240229000991;601076;01-03-2024;314793480125000;SAGAMI INDONESIA;
300;H;;708;-;30 - BC 3.0;00003031479320240301000993;601079;01-03-2024;314793480125000;SAGAMI INDONESIA;
301;H;;708;-;30 - BC 3.0;00003001430120240301000037;601091;01-03-2024;097054779122000;UD JUANDA AQUATIC;PT.RAYA ABADI KENCANA
302;H;;708;-;30 - BC 3.0;00003092821220240301000207;601085;01-03-2024;060893187112000;UD. GROUPER MARINE;PT. LOGISTIK EKSPRESINDO UTAMA
303;H;;708;-;30 - BC 3.0;01010000258220240229000228;601094;01-03-2024;020266862114000;PT. TIGA MUTIARA NUSANTARA;PT BIROTIKA SEMESTA
304;H;;708;-;30 - BC 3.0;00003001564420240301000007;601086;01-03-2024;015644529113000;YAKITA MULIA;
305;H;;708;-;30 - BC 3.0;00003092821220240301000209;601081;01-03-2024;013451828058000;PT. TAMORA STEKINDO;PT. LOGISTIK EKSPRESINDO UTAMA
306;H;;708;-;30 - BC 3.0;00003092821220240301000212;601084;01-03-2024;013451828058000;PT. TAMORA STEKINDO;PT. LOGISTIK EKSPRESINDO UTAMA
307;H;;708;-;30 - BC 3.0;00003092821220240229000203;601078;01-03-2024;013451828058000;PT. TAMORA STEKINDO;PT. LOGISTIK EKSPRESINDO UTAMA
308;H;;708;-;30 - BC 3.0;01010000258220240301000232;601096;01-03-2024;013107743062000;PT BIROTIKA SEMESTA;PT BIROTIKA SEMESTA
309;H;;707;-;30 - BC 3.0;01010000258220240301000234;601103;02-03-2024;934989617112000;CV. MANDIRI KOPI;PT BIROTIKA SEMESTA
310;H;;707;-;30 - BC 3.0;00003082068420240302000155;601106;02-03-2024;845961077124000;CV. CHEERA KING SEAFOOD;DIRGANTARA SUMATERA EKSPRES
311;H;;707;-;30 - BC 3.0;00003082062720240302000217;601105;02-03-2024;820627214125000;SARANA MAJU BERSAMA;
312;H;;707;-;30 - BC 3.0;00003053320220240302000068;601110;02-03-2024;533202974125000;PT. MARTAMBA TAMBA REZEKI;
313;H;;707;-;30 - BC 3.0;00003001430120240301000036;601102;02-03-2024;025286972112000;PT.SEAFOOD SUMATERA PERKASA;PT.RAYA ABADI KENCANA
314;H;;707;-;30 - BC 3.0;01010000258220240301000233;601101;02-03-2024;015168784123000;PT. SAMAWOOD UTAMA WORKS INDUSTRIES;PT BIROTIKA SEMESTA
315;H;;707;-;30 - BC 3.0;01010000258220240302000236;601108;02-03-2024;013107743062000;PT BIROTIKA SEMESTA;PT BIROTIKA SEMESTA
316;H;;705;-;30 - BC 3.0;00003053320220240304000070;601123;04-03-2024;533202974125000;PT. MARTAMBA TAMBA REZEKI;
317;H;;705;-;30 - BC 3.0;00003090523320240304000063;601119;04-03-2024;506077619125000;PT.BUANA UTAMA MESTIKA INDAH;TAMARO TRANS LOGISTIK
318;H;;705;-;30 - BC 3.0;00003021016120240304000148;601120;04-03-2024;506077619125000;PT. BUANA UTAMA MESTIKA INDAH;PUTRA INDONESIA SEJAHTERA
319;H;;705;-;30 - BC 3.0;00003092821220240304000220;601114;04-03-2024;067023663124000;UD. HALIM JAYA;PT. LOGISTIK EKSPRESINDO UTAMA
320;H;;705;-;30 - BC 3.0;00003092821220240304000221;601124;04-03-2024;023179104113000;PT. PELITA ALAM LESTARI;PT. LOGISTIK EKSPRESINDO UTAMA
321;H;;705;-;30 - BC 3.0;00003092821220240304000222;601126;04-03-2024;017275736113000;PT. KREASI FAUNA INDAH;PT. LOGISTIK EKSPRESINDO UTAMA
322;H;;705;-;30 - BC 3.0;00003001564420240304000008;601121;04-03-2024;015644529113000;YAKITA MULIA;
323;H;;705;-;30 - BC 3.0;01010000258220240304000241;601127;04-03-2024;013107743062000;PT BIROTIKA SEMESTA;PT BIROTIKA SEMESTA
324;H;;705;-;30 - BC 3.0;00003003054820240304000008;601122;04-03-2024;012293098117000;WONGSO PAWIRO;JASA TRANS SUMATRA
325;H;;704;-;30 - BC 3.0;00003092821220240304000219;601129;05-03-2024;942504838125000;PT. DAMAI WALET SENTOSA;PT. LOGISTIK EKSPRESINDO UTAMA
326;H;;704;-;30 - BC 3.0;00003092821220240302000213;601139;05-03-2024;800480121125001;PT. CEFA INDONESIA SEJAHTERA LESTARI;PT. LOGISTIK EKSPRESINDO UTAMA
327;H;;704;-;30 - BC 3.0;00003092821220240302000215;601142;05-03-2024;800480121125001;PT. CEFA INDONESIA SEJAHTERA LESTARI;PT. LOGISTIK EKSPRESINDO UTAMA
328;H;;704;-;30 - BC 3.0;00003092821220240304000226;601141;05-03-2024;800480121125001;PT. CEFA INDONESIA SEJAHTERA LESTARI;PT. LOGISTIK EKSPRESINDO UTAMA
329;H;;704;-;30 - BC 3.0;00003053320220240305000072;601146;05-03-2024;533202974125000;PT. MARTAMBA TAMBA REZEKI;
330;H;;704;-;30 - BC 3.0;00003053202520240305000035;601132;05-03-2024;532025061124000;CV. SENTRA MAJU UTAMA;
331;H;;704;-;30 - BC 3.0;00003082068420240304000157;601144;05-03-2024;421254103113000;PT. SENTRAL SUMATERA KOPI;DIRGANTARA SUMATERA EKSPRES
332;H;;704;-;30 - BC 3.0;00003092821220240305000228;601138;05-03-2024;017275736113000;PT. KREASI FAUNA INDAH;PT. LOGISTIK EKSPRESINDO UTAMA
333;H;;704;-;30 - BC 3.0;01010000258220240229000229;601137;05-03-2024;015168784123000;PT. SAMAWOOD UTAMA WORKS INDUSTRIES;PT BIROTIKA SEMESTA
334;H;;704;-;30 - BC 3.0;01010000258220240305000245;601147;05-03-2024;013107743062000;PT BIROTIKA SEMESTA;PT BIROTIKA SEMESTA
335;H;;704;-;30 - BC 3.0;01010000258220240305000243;601136;05-03-2024;013107743062000;PT BIROTIKA SEMESTA;PT BIROTIKA SEMESTA
336;H;;703;-;30 - BC 3.0;00003092568520240306000056;601152;06-03-2024;925685810122000;CV. JAYA LAUT SUMATERA;
337;H;;703;-;30 - BC 3.0;00003053320220240306000073;601156;06-03-2024;533202974125000;PT. MARTAMBA TAMBA REZEKI;
338;H;;703;-;30 - BC 3.0;00003053202520240306000037;601153;06-03-2024;532025061124000;CV. SENTRA MAJU UTAMA;
339;H;;703;-;30 - BC 3.0;00003074002520240305000071;601148;06-03-2024;014310247121000;PT PERMATA HIJAU PALM OLEO;PT. MULIA BERJAYA ABADI
340;H;;703;-;30 - BC 3.0;00003074002520240305000070;601149;06-03-2024;014310247121000;PT PERMATA HIJAU PALM OLEO;PT. MULIA BERJAYA ABADI
341;H;;703;-;30 - BC 3.0;01010000258220240306000247;601150;06-03-2024;013107743062000;PT BIROTIKA SEMESTA;PT BIROTIKA SEMESTA
342;H;;703;-;30 - BC 3.0;01010000258220240306000248;601154;06-03-2024;010617975058000;PT AQUAFARM NUSANTARA;PT BIROTIKA SEMESTA
343;H;;702;-;30 - BC 3.0;00003082062720240307000222;601167;07-03-2024;820627214125000;SARANA MAJU BERSAMA;
344;H;;702;-;30 - BC 3.0;00003092821220240307000232;601165;07-03-2024;807559554125000;PT. MEGA RATU WALET;PT. LOGISTIK EKSPRESINDO UTAMA
345;H;;702;-;30 - BC 3.0;00003053202520240306000038;601161;07-03-2024;532025061124000;CV. SENTRA MAJU UTAMA;
346;H;;702;-;30 - BC 3.0;00003082068420240307000159;601159;07-03-2024;420488702125000;SUMBER LAUT PERCUT;DIRGANTARA SUMATERA EKSPRES
347;H;;702;-;30 - BC 3.0;00003074002520240307000074;601164;07-03-2024;014310247121000;PT PERMATA HIJAU PALM OLEO;PT. MULIA BERJAYA ABADI
348;H;;702;-;30 - BC 3.0;00003074002520240306000073;601163;07-03-2024;014310247121000;PT PERMATA HIJAU PALM OLEO;PT. MULIA BERJAYA ABADI
349;H;;702;-;30 - BC 3.0;00003092821220240307000238;601157;07-03-2024;013451828058000;PT. TAMORA STEKINDO;PT. LOGISTIK EKSPRESINDO UTAMA
350;H;;702;-;30 - BC 3.0;01010000258220240307000256;601171;07-03-2024;013107743062000;PT BIROTIKA SEMESTA;PT BIROTIKA SEMESTA
351;H;;702;-;30 - BC 3.0;00003001363120240229000572;601168;07-03-2024;011157492123000;PT. KARIMUN KENCANA AROMATICS;PT. MONANG SIANIPAR ABADI
352;H;;701;-;30 - BC 3.0;00003092821220240307000243;601181;08-03-2024;942504838125000;PT. DAMAI WALET SENTOSA;PT. LOGISTIK EKSPRESINDO UTAMA
353;H;;701;-;30 - BC 3.0;00003084834820240307000018;601173;08-03-2024;848348967125000;PT. ANUGERAH WALET JAYA;
354;H;;701;-;30 - BC 3.0;00003092821220240307000237;601196;08-03-2024;800480121125001;PT. CEFA INDONESIA SEJAHTERA LESTARI;PT. LOGISTIK EKSPRESINDO UTAMA
355;H;;701;-;30 - BC 3.0;00003092821220240307000234;601192;08-03-2024;800480121125001;PT. CEFA INDONESIA SEJAHTERA LESTARI;PT. LOGISTIK EKSPRESINDO UTAMA
356;H;;701;-;30 - BC 3.0;00003092821220240307000231;601184;08-03-2024;800480121125001;PT. CEFA INDONESIA SEJAHTERA LESTARI;PT. LOGISTIK EKSPRESINDO UTAMA
357;H;;701;-;30 - BC 3.0;00003092821220240307000240;601197;08-03-2024;800480121125001;PT. CEFA INDONESIA SEJAHTERA LESTARI;PT. LOGISTIK EKSPRESINDO UTAMA
358;H;;701;-;30 - BC 3.0;00003053320220240308000074;601198;08-03-2024;533202974125000;PT. MARTAMBA TAMBA REZEKI;
359;H;;701;-;30 - BC 3.0;00003090523320240308000068;601182;08-03-2024;506077619125000;PT.BUANA UTAMA MESTIKA INDAH;TAMARO TRANS LOGISTIK
360;H;;701;-;30 - BC 3.0;00003092821220240308000244;601191;08-03-2024;099092686112000;UD. ROYAL MARINE CENTRE;PT. LOGISTIK EKSPRESINDO UTAMA
361;H;;701;-;30 - BC 3.0;01010000258220240308000260;601199;08-03-2024;013107743062000;PT BIROTIKA SEMESTA;PT BIROTIKA SEMESTA
362;H;;700;-;30 - BC 3.0;00003082068420240309000162;601205;09-03-2024;845961077124000;CV. CHEERA KING SEAFOOD;DIRGANTARA SUMATERA EKSPRES
363;H;;700;-;30 - BC 3.0;00003082068420240309000163;601204;09-03-2024;845961077124000;CV. CHEERA KING SEAFOOD;DIRGANTARA SUMATERA EKSPRES
364;H;;700;-;30 - BC 3.0;00003082062720240309000225;601208;09-03-2024;820627214125000;SARANA MAJU BERSAMA;
365;H;;700;-;30 - BC 3.0;00003021016120240309000164;601202;09-03-2024;708297288124000;PUTRI MANALU BERSAUDARA;PUTRA INDONESIA SEJAHTERA
366;H;;700;-;30 - BC 3.0;00003092821220240309000245;601212;09-03-2024;099092686112000;UD. ROYAL MARINE CENTRE;PT. LOGISTIK EKSPRESINDO UTAMA
367;H;;697;-;30 - BC 3.0;00003082068420240312000166;601225;12-03-2024;845961077124000;CV. CHEERA KING SEAFOOD;DIRGANTARA SUMATERA EKSPRES
368;H;;697;-;30 - BC 3.0;00003082068420240312000164;601227;12-03-2024;845961077124000;CV. CHEERA KING SEAFOOD;DIRGANTARA SUMATERA EKSPRES
369;H;;697;-;30 - BC 3.0;00003092821220240312000247;601219;12-03-2024;067023663124000;UD. HALIM JAYA;PT. LOGISTIK EKSPRESINDO UTAMA
370;H;;697;-;30 - BC 3.0;01010000258220240312000263;601234;12-03-2024;015168784123000;PT. SAMAWOOD UTAMA WORKS INDUSTRIES;PT BIROTIKA SEMESTA
371;H;;697;-;30 - BC 3.0;01010000258220240312000267;601237;12-03-2024;013107743062000;PT BIROTIKA SEMESTA;PT BIROTIKA SEMESTA
372;H;;697;-;30 - BC 3.0;01010000258220240312000266;601236;12-03-2024;011279056123000;C.V. AROMA & CO.;PT BIROTIKA SEMESTA
373;H;;696;-;30 - BC 3.0;00003092568520240313000059;601251;13-03-2024;925685810122000;CV. JAYA LAUT SUMATERA;
374;H;;696;-;30 - BC 3.0;00003082068420240313000169;601238;13-03-2024;845961077124000;CV. CHEERA KING SEAFOOD;DIRGANTARA SUMATERA EKSPRES
375;H;;696;-;30 - BC 3.0;00003053202520240313000043;601244;13-03-2024;532025061124000;CV. SENTRA MAJU UTAMA;
376;H;;696;-;30 - BC 3.0;00003090523320240313000074;601255;13-03-2024;506077619125000;PT.BUANA UTAMA MESTIKA INDAH;TAMARO TRANS LOGISTIK
377;H;;696;-;30 - BC 3.0;01010000258220240313000269;601254;13-03-2024;015168784123000;PT. SAMAWOOD UTAMA WORKS INDUSTRIES;PT BIROTIKA SEMESTA
378;H;;696;-;30 - BC 3.0;01010000258220240313000268;601250;13-03-2024;013107743062000;PT BIROTIKA SEMESTA;PT BIROTIKA SEMESTA
379;H;;696;-;30 - BC 3.0;01010000258220240313000271;601256;13-03-2024;013107743062000;PT BIROTIKA SEMESTA;PT BIROTIKA SEMESTA
380;H;;695;-;30 - BC 3.0;00003084834820240313000019;601276;14-03-2024;848348967125000;PT. ANUGERAH WALET JAYA;
381;H;;695;-;30 - BC 3.0;00003092821220240313000250;601266;14-03-2024;800480121125001;PT. CEFA INDONESIA SEJAHTERA LESTARI;PT. LOGISTIK EKSPRESINDO UTAMA
382;H;;695;-;30 - BC 3.0;00003053320220240314000081;601271;14-03-2024;533202974125000;PT. MARTAMBA TAMBA REZEKI;
383;H;;695;-;30 - BC 3.0;301011E3DFBC20240314000002;601278;14-03-2024;532025061124000;SENTRA MAJU UTAMA;
384;H;;695;-;30 - BC 3.0;01010000258220240314000273;601277;14-03-2024;015168784123000;PT. SAMAWOOD UTAMA WORKS INDUSTRIES;PT BIROTIKA SEMESTA
385;H;;695;-;30 - BC 3.0;01010000258220240314000272;601272;14-03-2024;015168784123000;PT. SAMAWOOD UTAMA WORKS INDUSTRIES;PT BIROTIKA SEMESTA
386;H;;695;-;30 - BC 3.0;01010000258220240314000275;601279;14-03-2024;013107743062000;PT BIROTIKA SEMESTA;PT BIROTIKA SEMESTA
387;H;;694;-;30 - BC 3.0;00003092821220240313000260;601281;15-03-2024;942504838125000;PT. DAMAI WALET SENTOSA;PT. LOGISTIK EKSPRESINDO UTAMA
388;H;;694;-;30 - BC 3.0;00003001430120240315000041;601296;15-03-2024;097054779122000;UD JUANDA AQUATIC;PT.RAYA ABADI KENCANA
389;H;;694;-;30 - BC 3.0;00003092821220240315000269;601290;15-03-2024;060893187112000;UD. GROUPER MARINE;PT. LOGISTIK EKSPRESINDO UTAMA
390;H;;694;-;30 - BC 3.0;00003001718920240315000157;601297;15-03-2024;017189184125000;TOBA SURIMI INDUSTRIES;
391;H;;693;-;30 - BC 3.0;00003082062720240316000235;601302;16-03-2024;820627214125000;SARANA MAJU BERSAMA;
392;H;;693;-;30 - BC 3.0;00003082062720240316000237;601306;16-03-2024;820627214125000;SARANA MAJU BERSAMA;
393;H;;693;-;30 - BC 3.0;00003053320220240316000082;601308;16-03-2024;533202974125000;PT. MARTAMBA TAMBA REZEKI;
394;H;;692;-;30 - BC 3.0;00003053320220240317000083;601309;17-03-2024;533202974125000;PT. MARTAMBA TAMBA REZEKI;
395;H;;691;-;30 - BC 3.0;00003090523320240318000078;601318;18-03-2024;506077619125000;PT.BUANA UTAMA MESTIKA INDAH;TAMARO TRANS LOGISTIK
396;H;;691;-;30 - BC 3.0;00003031479320240318001003;601312;18-03-2024;314793480125000;SAGAMI INDONESIA;
397;H;;691;-;30 - BC 3.0;00003031479320240318001004;601314;18-03-2024;314793480125000;SAGAMI INDONESIA;
398;H;;691;-;30 - BC 3.0;00003092821220240318000282;601315;18-03-2024;067023663124000;UD. HALIM JAYA;PT. LOGISTIK EKSPRESINDO UTAMA
399;H;;691;-;30 - BC 3.0;00003092821220240318000273;601311;18-03-2024;017275736113000;PT. KREASI FAUNA INDAH;PT. LOGISTIK EKSPRESINDO UTAMA
400;H;;691;-;30 - BC 3.0;01010000258220240318000285;601319;18-03-2024;013107743062000;PT BIROTIKA SEMESTA;PT BIROTIKA SEMESTA
401;H;;691;-;30 - BC 3.0;00003001430120240318000042;601323;18-03-2024;012131694112000;PT.IKAINDO INDUSTRI KARBONIK INDONESIA;PT.RAYA ABADI KENCANA
402;H;;690;-;30 - BC 3.0;301013630AFF20240319000003;601338;19-03-2024;953323813113000;KURNIA AGRO SUBUR;LOGISTIK EKSPRESINDO UTAMA
403;H;;690;-;30 - BC 3.0;00003084834820240319000022;601331;19-03-2024;848348967125000;PT. ANUGERAH WALET JAYA;
404;H;;690;-;30 - BC 3.0;00003082062720240319000238;601329;19-03-2024;820627214125000;SARANA MAJU BERSAMA;
405;H;;690;-;30 - BC 3.0;00003092821220240318000281;601336;19-03-2024;800480121125001;PT. CEFA INDONESIA SEJAHTERA LESTARI;PT. LOGISTIK EKSPRESINDO UTAMA
406;H;;690;-;30 - BC 3.0;3010128405CE20240318000001;601327;19-03-2024;708110432125000;ORI GINALNEST INDONESIA;
407;H;;689;-;30 - BC 3.0;00003092821220240319000287;601345;20-03-2024;942504838125000;PT. DAMAI WALET SENTOSA;PT. LOGISTIK EKSPRESINDO UTAMA
408;H;;689;-;30 - BC 3.0;00003082068420240320000172;601343;20-03-2024;845961077124000;CV. CHEERA KING SEAFOOD;DIRGANTARA SUMATERA EKSPRES
409;H;;689;-;30 - BC 3.0;00003092821220240318000275;601342;20-03-2024;800480121125001;PT. CEFA INDONESIA SEJAHTERA LESTARI;PT. LOGISTIK EKSPRESINDO UTAMA
410;H;;689;-;30 - BC 3.0;301011E3DFBC20240320000005;601352;20-03-2024;532025061124000;SENTRA MAJU UTAMA;
411;M;N;689;688;30 - BC 3.0;01010000258220240319000290;601363;20-03-2024;015163751123000;PT. GROWTH ASIA;PT BIROTIKA SEMESTA
412;H;;689;-;30 - BC 3.0;00003092821220240320000290;601349;20-03-2024;013451828058000;PT. TAMORA STEKINDO;PT. LOGISTIK EKSPRESINDO UTAMA
413;H;;689;-;30 - BC 3.0;00003031200620240320000076;601358;20-03-2024;013418892128000;PT WAHANA GRAHA MAKMUR;F1 SOLUTIONS
414;H;;689;-;30 - BC 3.0;01010000258220240320000297;601364;20-03-2024;013107743062000;PT BIROTIKA SEMESTA;PT BIROTIKA SEMESTA
415;H;;689;-;30 - BC 3.0;01010000258220240320000296;601360;20-03-2024;013107743062000;PT BIROTIKA SEMESTA;PT BIROTIKA SEMESTA
416;H;;688;-;30 - BC 3.0;00003082062720240321000242;601370;21-03-2024;820627214125000;SARANA MAJU BERSAMA;
417;H;;688;-;30 - BC 3.0;00003031479320240321001008;601367;21-03-2024;314793480125000;SAGAMI INDONESIA;
418;H;;688;-;30 - BC 3.0;00003092821220240321000293;601372;21-03-2024;013451828058000;PT. TAMORA STEKINDO;PT. LOGISTIK EKSPRESINDO UTAMA
419;H;;688;-;30 - BC 3.0;00003092821220240321000292;601371;21-03-2024;013451828058000;PT. TAMORA STEKINDO;PT. LOGISTIK EKSPRESINDO UTAMA
420;H;;688;-;30 - BC 3.0;01010000258220240321000302;601379;21-03-2024;013107743062000;PT BIROTIKA SEMESTA;PT BIROTIKA SEMESTA
421;H;;688;-;30 - BC 3.0;01010000258220240321000298;601374;21-03-2024;013107743062000;PT BIROTIKA SEMESTA;PT BIROTIKA SEMESTA
422;H;;687;-;30 - BC 3.0;00003092821220240321000294;601389;22-03-2024;942504838125000;PT. DAMAI WALET SENTOSA;PT. LOGISTIK EKSPRESINDO UTAMA
423;H;;687;-;30 - BC 3.0;00003092821220240322000298;601399;22-03-2024;800480121125001;PT. CEFA INDONESIA SEJAHTERA LESTARI;PT. LOGISTIK EKSPRESINDO UTAMA
424;H;;687;-;30 - BC 3.0;00003021016120240321000194;601384;22-03-2024;210826228122000;SUMARTA;PUTRA INDONESIA SEJAHTERA
425;H;;687;-;30 - BC 3.0;00003001430120240322000047;601394;22-03-2024;097054779122000;UD JUANDA AQUATIC;PT.RAYA ABADI KENCANA
426;H;;687;-;30 - BC 3.0;01010000258220240322000304;601395;22-03-2024;013107743062000;PT BIROTIKA SEMESTA;PT BIROTIKA SEMESTA
427;H;;687;-;30 - BC 3.0;01010000258220240322000307;601403;22-03-2024;013107743062000;PT BIROTIKA SEMESTA;PT BIROTIKA SEMESTA
428;H;;687;-;30 - BC 3.0;00003001100020240322903123;601402;22-03-2024;011000163092000;MUSIM MAS;
429;H;;686;-;30 - BC 3.0;00003082068420240323000173;601404;23-03-2024;845961077124000;CV. CHEERA KING SEAFOOD;DIRGANTARA SUMATERA EKSPRES
430;H;;686;-;30 - BC 3.0;00003082062720240323000246;601406;23-03-2024;820627214125000;SARANA MAJU BERSAMA;
431;H;;686;-;30 - BC 3.0;00003082062720240323000247;601407;23-03-2024;820627214125000;SARANA MAJU BERSAMA;
432;H;;686;-;30 - BC 3.0;00003082062720240323000245;601405;23-03-2024;820627214125000;SARANA MAJU BERSAMA;
433;H;;686;-;30 - BC 3.0;00003021016120240323000204;601413;23-03-2024;708297288124000;PUTRI MANALU BERSAUDARA;PUTRA INDONESIA SEJAHTERA
434;H;;686;-;30 - BC 3.0;01010000258220240323000309;601411;23-03-2024;013107743062000;PT BIROTIKA SEMESTA;PT BIROTIKA SEMESTA
435;H;;684;-;30 - BC 3.0;00003082062720240325000251;601437;25-03-2024;820627214125000;SARANA MAJU BERSAMA;
436;H;;684;-;30 - BC 3.0;00003082062720240325000250;601428;25-03-2024;820627214125000;SARANA MAJU BERSAMA;
437;H;;684;-;30 - BC 3.0;00003092821220240325000303;601433;25-03-2024;800480121125001;PT. CEFA INDONESIA SEJAHTERA LESTARI;PT. LOGISTIK EKSPRESINDO UTAMA
438;H;;684;-;30 - BC 3.0;00003092821220240325000301;601431;25-03-2024;800480121125001;PT. CEFA INDONESIA SEJAHTERA LESTARI;PT. LOGISTIK EKSPRESINDO UTAMA
439;H;;684;-;30 - BC 3.0;00003001430120240325000051;601435;25-03-2024;733038343113000;CV. PUTRA TELLO MANDIRI;PT. RAYA ABADI KENCANA
440;H;;684;-;30 - BC 3.0;00003053320220240325000092;601436;25-03-2024;533202974125000;PT. MARTAMBA TAMBA REZEKI;
441;H;;684;-;30 - BC 3.0;01010000258220240325000311;601432;25-03-2024;013107743062000;PT BIROTIKA SEMESTA;PT BIROTIKA SEMESTA
442;H;;684;-;30 - BC 3.0;00003001127920240325000282;601438;25-03-2024;011279056123000;CV. AROMA & CO;
443;H;;683;-;30 - BC 3.0;00003082062720240326000254;601450;26-03-2024;820627214125000;SARANA MAJU BERSAMA;
444;H;;683;-;30 - BC 3.0;00003082062720240326000252;601445;26-03-2024;820627214125000;SARANA MAJU BERSAMA;
445;H;;683;-;30 - BC 3.0;00003092821220240326000307;601452;26-03-2024;800480121125001;PT. CEFA INDONESIA SEJAHTERA LESTARI;PT. LOGISTIK EKSPRESINDO UTAMA
446;H;;683;-;30 - BC 3.0;00003053320220240326000095;601460;26-03-2024;533202974125000;PT. MARTAMBA TAMBA REZEKI;
447;H;;683;-;30 - BC 3.0;00003074002520240326000084;601456;26-03-2024;014310247121000;PT PERMATA HIJAU PALM OLEO;PT. MULIA BERJAYA ABADI
448;H;;683;-;30 - BC 3.0;01010000258220240326000315;601455;26-03-2024;013107743062000;PT BIROTIKA SEMESTA;PT BIROTIKA SEMESTA
449;H;;682;-;30 - BC 3.0;00003092821220240326000309;601469;27-03-2024;942504838125000;PT. DAMAI WALET SENTOSA;PT. LOGISTIK EKSPRESINDO UTAMA
450;H;;682;-;30 - BC 3.0;00003092821220240326000310;601467;27-03-2024;942504838125000;PT. DAMAI WALET SENTOSA;PT. LOGISTIK EKSPRESINDO UTAMA
451;H;;682;-;30 - BC 3.0;00003084834820240326000025;601468;27-03-2024;848348967125000;PT. ANUGERAH WALET JAYA;
452;H;;682;-;30 - BC 3.0;00003082062720240327000256;601470;27-03-2024;820627214125000;SARANA MAJU BERSAMA;
453;H;;682;-;30 - BC 3.0;00003082062720240327000265;601485;27-03-2024;820627214125000;SARANA MAJU BERSAMA;
454;H;;682;-;30 - BC 3.0;00003082062720240327000264;601483;27-03-2024;820627214125000;SARANA MAJU BERSAMA;
455;H;;682;-;30 - BC 3.0;00003082062720240327000258;601477;27-03-2024;820627214125000;SARANA MAJU BERSAMA;
456;H;;682;-;30 - BC 3.0;00003082062720240327000262;601482;27-03-2024;820627214125000;SARANA MAJU BERSAMA;
457;H;;682;-;30 - BC 3.0;00003082062720240327000261;601481;27-03-2024;820627214125000;SARANA MAJU BERSAMA;
458;H;;682;-;30 - BC 3.0;00003021016120240327000203;601474;27-03-2024;708297288124000;PUTRI MANALU BERSAUDARA;PUTRA INDONESIA SEJAHTERA
459;H;;682;-;30 - BC 3.0;00003053320220240327000097;601490;27-03-2024;533202974125000;PT. MARTAMBA TAMBA REZEKI;
460;H;;682;-;30 - BC 3.0;301011E3DFBC20240327000011;601473;27-03-2024;532025061124000;SENTRA MAJU UTAMA;
461;H;;682;-;30 - BC 3.0;00003031479320240327001010;601471;27-03-2024;314793480125000;SAGAMI INDONESIA;
462;H;;682;-;30 - BC 3.0;00003031479320240327001011;601472;27-03-2024;314793480125000;SAGAMI INDONESIA;
463;H;;682;-;30 - BC 3.0;00003082068420240327000185;601488;27-03-2024;014386171641000;PT. SURI TANI PEMUKA;DIRGANTARA SUMATERA EKSPRES
464;H;;682;-;30 - BC 3.0;00003092821220240326000313;601465;27-03-2024;013451828058000;PT. TAMORA STEKINDO;PT. LOGISTIK EKSPRESINDO UTAMA
465;H;;682;-;30 - BC 3.0;01010000258220240327000333;601489;27-03-2024;013107743062000;PT BIROTIKA SEMESTA;PT BIROTIKA SEMESTA
466;H;;681;-;30 - BC 3.0;00003092821220240327000319;601507;28-03-2024;942504838125000;PT. DAMAI WALET SENTOSA;PT. LOGISTIK EKSPRESINDO UTAMA
467;H;;681;-;30 - BC 3.0;00003092821220240327000317;601505;28-03-2024;942504838125000;PT. DAMAI WALET SENTOSA;PT. LOGISTIK EKSPRESINDO UTAMA
468;H;;681;-;30 - BC 3.0;30101349E80520240328000003;601498;28-03-2024;925685810122000;JAYA LAUT SUMATERA;
469;H;;681;-;30 - BC 3.0;00003084834820240327000026;601491;28-03-2024;848348967125000;PT. ANUGERAH WALET JAYA;
470;H;;681;-;30 - BC 3.0;00003082062720240328000268;601499;28-03-2024;820627214125000;SARANA MAJU BERSAMA;
471;H;;681;-;30 - BC 3.0;00003082062720240328000266;601493;28-03-2024;820627214125000;SARANA MAJU BERSAMA;
472;H;;681;-;30 - BC 3.0;00003082062720240328000269;601501;28-03-2024;820627214125000;SARANA MAJU BERSAMA;
473;H;;681;-;30 - BC 3.0;00003082062720240328000270;601502;28-03-2024;820627214125000;SARANA MAJU BERSAMA;
474;H;;681;-;30 - BC 3.0;00003021016120240328000222;601494;28-03-2024;708297288124000;PUTRI MANALU BERSAUDARA;PUTRA INDONESIA SEJAHTERA
475;H;;681;-;30 - BC 3.0;3010128405CE20240327000005;601512;28-03-2024;708110432125000;ORI GINALNEST INDONESIA;
476;H;;681;-;30 - BC 3.0;00003053320220240328000098;601522;28-03-2024;533202974125000;PT. MARTAMBA TAMBA REZEKI;
477;H;;681;-;30 - BC 3.0;301011E3DFBC20240328000012;601510;28-03-2024;532025061124000;SENTRA MAJU UTAMA;
478;H;;681;-;30 - BC 3.0;00003001430120240328000053;601514;28-03-2024;097054779122000;UD JUANDA AQUATIC;PT.RAYA ABADI KENCANA
479;H;;681;-;30 - BC 3.0;00003001430120240328000054;601513;28-03-2024;097054779122000;UD JUANDA AQUATIC;PT.RAYA ABADI KENCANA
480;H;;681;-;30 - BC 3.0;00003002194120240328000820;601521;28-03-2024;021941596058000;JAS AERO ENGINEERING SERVICES;
481;H;;681;-;30 - BC 3.0;00003092821220240327000325;601497;28-03-2024;021803044112000;CV. HANSELIA;PT. LOGISTIK EKSPRESINDO UTAMA
482;H;;681;-;30 - BC 3.0;00003092821220240327000324;601492;28-03-2024;021803044112000;CV. HANSELIA;PT. LOGISTIK EKSPRESINDO UTAMA
483;H;;678;-;30 - BC 3.0;00003053320220240331000101;601537;31-03-2024;533202974125000;PT. MARTAMBA TAMBA REZEKI;
484;H;;678;-;30 - BC 3.0;00003090523320240331000098;601535;31-03-2024;506077619125000;BUANA UTAMA MESTIKA INDAH;TAMARO TRANS LOGISTIK
485;H;;677;-;30 - BC 3.0;00003092821220240401000357;601548;01-04-2024;807559554125000;PT. MEGA RATU WALET;PT. LOGISTIK EKSPRESINDO UTAMA
486;H;;677;-;30 - BC 3.0;00003053320220240401000102;601555;01-04-2024;533202974125000;PT. MARTAMBA TAMBA REZEKI;
487;H;;677;-;30 - BC 3.0;01010000258220240330000339;601553;01-04-2024;413652793333000;PT. ALKO SUMATRA INTERNASIONAL;PT BIROTIKA SEMESTA
488;H;;677;-;30 - BC 3.0;00003031479320240401001013;601542;01-04-2024;314793480125000;SAGAMI INDONESIA;
489;H;;677;-;30 - BC 3.0;00003092821220240401000358;601549;01-04-2024;067023663124000;UD. HALIM JAYA;PT. LOGISTIK EKSPRESINDO UTAMA
490;H;;677;-;30 - BC 3.0;01010000258220240401000345;601554;01-04-2024;013107743062000;PT BIROTIKA SEMESTA;PT BIROTIKA SEMESTA
491;H;;676;-;30 - BC 3.0;00003083316220240330000006;601567;02-04-2024;833162191122000;PT.TOP RAWYALE INDONESIA;
492;H;;676;-;30 - BC 3.0;00003082062720240401000283;601565;02-04-2024;820627214125000;SARANA MAJU BERSAMA;
493;H;;676;-;30 - BC 3.0;00003074002520240402000093;601579;02-04-2024;014310247121000;PT PERMATA HIJAU PALM OLEO;PT. MULIA BERJAYA ABADI
494;H;;676;-;30 - BC 3.0;01010000258220240402000351;601575;02-04-2024;013107743062000;PT BIROTIKA SEMESTA;PT BIROTIKA SEMESTA
495;H;;675;-;30 - BC 3.0;00003082062720240403000291;601591;03-04-2024;820627214125000;SARANA MAJU BERSAMA;
496;H;;675;-;30 - BC 3.0;301011E3DFBC20240403000014;601595;03-04-2024;532025061124000;SENTRA MAJU UTAMA;
497;H;;675;-;30 - BC 3.0;301011E3DFBC20240403000015;601588;03-04-2024;532025061124000;SENTRA MAJU UTAMA;
498;H;;675;-;30 - BC 3.0;00003092821220240403000367;601592;03-04-2024;099092686112000;UD. ROYAL MARINE CENTRE;PT. LOGISTIK EKSPRESINDO UTAMA
499;H;;675;-;30 - BC 3.0;00003001430120240403000056;601585;03-04-2024;097054779122000;UD JUANDA AQUATIC;PT.RAYA ABADI KENCANA
500;H;;675;-;30 - BC 3.0;00003092821220240403000372;601596;03-04-2024;013451828058000;PT. TAMORA STEKINDO;PT. LOGISTIK EKSPRESINDO UTAMA
501;H;;675;-;30 - BC 3.0;00003092821220240403000373;601598;03-04-2024;013451828058000;PT. TAMORA STEKINDO;PT. LOGISTIK EKSPRESINDO UTAMA
502;H;;675;-;30 - BC 3.0;01010000258220240403000357;601593;03-04-2024;013107743062000;PT BIROTIKA SEMESTA;PT BIROTIKA SEMESTA
503;H;;675;-;30 - BC 3.0;01010000258220240403000355;601594;03-04-2024;010018067092000;PT SOCFIN INDONESIA;PT BIROTIKA SEMESTA
504;H;;673;-;30 - BC 3.0;00003053320220240405000109;601649;05-04-2024;533202974125000;PT. MARTAMBA TAMBA REZEKI;
505;H;;673;-;30 - BC 3.0;00003074002520240405000097;601652;05-04-2024;014310247121000;PT PERMATA HIJAU PALM OLEO;PT. MULIA BERJAYA ABADI
506;H;;673;-;30 - BC 3.0;00003074002520240405000095;601650;05-04-2024;014310247121000;PT PERMATA HIJAU PALM OLEO;PT. MULIA BERJAYA ABADI
507;H;;673;-;30 - BC 3.0;00003074002520240405000098;601653;05-04-2024;014310247121000;PT PERMATA HIJAU PALM OLEO;PT. MULIA BERJAYA ABADI
508;H;;673;-;30 - BC 3.0;00003021016120240405000241;601648;05-04-2024;012163127125001;REPTIL CORPORATION;PUTRA INDONESIA SEJAHTERA
509;H;;673;-;30 - BC 3.0;00003082068420240405000188;601654;05-04-2024;010617975058000;PT. AQUAFARM NUSANTARA;DIRGANTARA SUMATERA EKSPRES
510;H;;672;-;30 - BC 3.0;00003082068420240406000191;601660;06-04-2024;845961077124000;CV. CHEERA KING SEAFOOD;DIRGANTARA SUMATERA EKSPRES
511;H;;672;-;30 - BC 3.0;00003082068420240406000192;601661;06-04-2024;845961077124000;CV. CHEERA KING SEAFOOD;DIRGANTARA SUMATERA EKSPRES
512;H;;672;-;30 - BC 3.0;00003082062720240406000307;601669;06-04-2024;820627214125000;SARANA MAJU BERSAMA;
513;H;;672;-;30 - BC 3.0;00003082062720240406000308;601670;06-04-2024;820627214125000;SARANA MAJU BERSAMA;
514;H;;672;-;30 - BC 3.0;00003082062720240406000305;601667;06-04-2024;820627214125000;SARANA MAJU BERSAMA;
515;H;;672;-;30 - BC 3.0;00003082062720240406000303;601664;06-04-2024;820627214125000;SARANA MAJU BERSAMA;
516;H;;672;-;30 - BC 3.0;3010128405CE20240405000008;601657;06-04-2024;708110432125000;ORI GINALNEST INDONESIA;
517;H;;672;-;30 - BC 3.0;00003053320220240406000112;601674;06-04-2024;533202974125000;PT. MARTAMBA TAMBA REZEKI;
518;H;;672;-;30 - BC 3.0;00003082068420240406000190;601671;06-04-2024;420488702125000;SUMBER LAUT PERCUT;DIRGANTARA SUMATERA EKSPRES
519;H;;672;-;30 - BC 3.0;00003002194120240406000829;601663;06-04-2024;021941596058000;JAS AERO ENGINEERING SERVICES;
520;H;;672;-;30 - BC 3.0;01010000258220240405000367;601656;06-04-2024;015168784123000;PT. SAMAWOOD UTAMA WORKS INDUSTRIES;PT BIROTIKA SEMESTA
521;H;;671;-;30 - BC 3.0;00003053320220240406000110;601676;07-04-2024;533202974125000;PT. MARTAMBA TAMBA REZEKI;
522;H;;653;-;30 - BC 3.0;00003092821220240424000473;601876;25-04-2024;942504838125000;PT. DAMAI WALET SENTOSA;PT. LOGISTIK EKSPRESINDO UTAMA
523;H;;653;-;30 - BC 3.0;00003082062720240425000371;601871;25-04-2024;820627214125000;SARANA MAJU BERSAMA;
524;H;;653;-;30 - BC 3.0;00003082062720240425000372;601872;25-04-2024;820627214125000;SARANA MAJU BERSAMA;
525;H;;653;-;30 - BC 3.0;00003021016120240425000257;601855;25-04-2024;708297288124000;PT. PUTRI MANALU BERSAUDARA;PUTRA INDONESIA SEJAHTERA
526;H;;653;-;30 - BC 3.0;3010128405CE20240425000009;601877;25-04-2024;708110432125000;ORI GINALNEST INDONESIA;
527;H;;653;-;30 - BC 3.0;00003001430120240425000064;601864;25-04-2024;097054779122000;UD JUANDA AQUATIC;PT.RAYA ABADI KENCANA
528;H;;653;-;30 - BC 3.0;00003001718920240425005773;601866;25-04-2024;017189184125000;TOBA SURIMI INDUSTRIES;
529;H;;653;-;30 - BC 3.0;01010000258220240424000405;601857;25-04-2024;015168784123000;PT. SAMAWOOD UTAMA WORKS INDUSTRIES;PT BIROTIKA SEMESTA
530;H;;653;-;30 - BC 3.0;01010000258220240424000409;601860;25-04-2024;015168784123000;PT. SAMAWOOD UTAMA WORKS INDUSTRIES;PT BIROTIKA SEMESTA
531;H;;653;-;30 - BC 3.0;01010000258220240424000404;601856;25-04-2024;015168784123000;PT. SAMAWOOD UTAMA WORKS INDUSTRIES;PT BIROTIKA SEMESTA
532;H;;653;-;30 - BC 3.0;00003092821220240425000475;601874;25-04-2024;013451828058000;PT. TAMORA STEKINDO;PT. LOGISTIK EKSPRESINDO UTAMA
533;H;;653;-;30 - BC 3.0;00003092821220240424000469;601863;25-04-2024;013451828058000;PT. TAMORA STEKINDO;LOGISTIK EKSPRESINDO UTAMA
534;H;;653;-;30 - BC 3.0;00003092821220240425000476;601875;25-04-2024;013451828058000;PT. TAMORA STEKINDO;PT. LOGISTIK EKSPRESINDO UTAMA
535;H;;653;-;30 - BC 3.0;01010000258220240425000421;601879;25-04-2024;013107743062000;PT BIROTIKA SEMESTA;PT BIROTIKA SEMESTA
536;H;;652;-;30 - BC 3.0;00003082062720240426000378;601899;26-04-2024;820627214125000;SARANA MAJU BERSAMA;
537;H;;652;-;30 - BC 3.0;00003082062720240426000376;601887;26-04-2024;820627214125000;SARANA MAJU BERSAMA;
538;H;;652;-;30 - BC 3.0;00003092821220240425000478;601888;26-04-2024;807559554125000;PT. MEGA RATU WALET;PT. LOGISTIK EKSPRESINDO UTAMA
539;H;;652;-;30 - BC 3.0;301011E3DFBC20240425000023;601884;26-04-2024;532025061124000;SENTRA MAJU UTAMA;
540;H;;652;-;30 - BC 3.0;301011CC466020240425000004;601900;26-04-2024;506077619125000;BUANA UTAMA MESTIKA INDAH;
541;H;;652;-;30 - BC 3.0;00003092821220240426000484;601890;26-04-2024;099092686112000;UD. ROYAL MARINE CENTRE;PT. LOGISTIK EKSPRESINDO UTAMA
542;H;;652;-;30 - BC 3.0;01010000258220240426000425;601896;26-04-2024;029306255111001;PT. WILMAR CONSULTANCY SERVICES;PT BIROTIKA SEMESTA
543;H;;652;-;30 - BC 3.0;01010000258220240426000422;601897;26-04-2024;015168784123000;PT. SAMAWOOD UTAMA WORKS INDUSTRIES;PT BIROTIKA SEMESTA
544;H;;652;-;30 - BC 3.0;01010000258220240426000426;601903;26-04-2024;013107743062000;PT BIROTIKA SEMESTA;PT BIROTIKA SEMESTA
545;H;;652;-;30 - BC 3.0;01010000258220240426000424;601891;26-04-2024;013107743062000;PT BIROTIKA SEMESTA;PT BIROTIKA SEMESTA
546;H;;652;-;30 - BC 3.0;00003001304020240423000227;601895;26-04-2024;013040530093000;AEROFOOD INDONESIA;
547;H;;651;-;30 - BC 3.0;00003092821220240427000490;601904;27-04-2024;906003645124000;PT. BRASTAGI BOTANIKA INDONESIA;LOGISTIK EKSPRESINDO UTAMA
548;H;;651;-;30 - BC 3.0;00003082068420240427000203;601906;27-04-2024;845961077124000;CV. CHEERA KING SEAFOOD;DIRGANTARA SUMATERA EKSPRES
549;H;;651;-;30 - BC 3.0;00003082062720240427000381;601909;27-04-2024;820627214125000;SARANA MAJU BERSAMA;
550;H;;651;-;30 - BC 3.0;00003090523320240427000136;601910;27-04-2024;506077619125000;BUANA UTAMA MESTIKA INDAH;TAMARO TRANS LOGISTIK
551;H;;371;-;30 - BC 3.0;00003092821220250201000198;000947;01-02-2025;0845961077124000000000;CV. CHEERA KING SEAFOOD;PT. LOGISTIK EKSPRESINDO UTAMA
552;H;;371;-;30 - BC 3.0;00003082062720250131000075;000957;01-02-2025;0820627214125000000000;SARANA MAJU BERSAMA;
553;H;;371;-;30 - BC 3.0;00003053320220250201000036;000960;01-02-2025;0533202974125000000000;MARTAMBA TAMBA REZEKI;
554;H;;371;-;30 - BC 3.0;00003042048820250201000089;000952;01-02-2025;0420488702125000000000;SUMBER LAUT PERCUT;DIRGANTARA SUMATERA EKSPRES
555;H;;369;-;30 - BC 3.0;00003009705420250203000010;000970;03-02-2025;1271150703730005000000;UD.JUANDA AQUATIC;PT.RAYA ABADI KENCANA
556;H;;369;-;30 - BC 3.0;00003082062720250203000101;001003;03-02-2025;0820627214125000000000;SARANA MAJU BERSAMA;
557;H;;369;-;30 - BC 3.0;00003082062720250203000094;000995;03-02-2025;0820627214125000000000;SARANA MAJU BERSAMA;
558;H;;369;-;30 - BC 3.0;00003082062720250203000110;000983;03-02-2025;0820627214125000000000;SARANA MAJU BERSAMA;
559;H;;369;-;30 - BC 3.0;00003082062720250203000100;000990;03-02-2025;0820627214125000000000;SARANA MAJU BERSAMA;
560;H;;369;-;30 - BC 3.0;00003092821220250203000205;001005;03-02-2025;0800480121111000000000;PT. CEFA INDONESIA SEJAHTERA LESTARI;PT. LOGISTIK EKSPRESINDO UTAMA
561;H;;369;-;30 - BC 3.0;01010000258220250203000201;000976;03-02-2025;0013107743062000000000;PT BIROTIKA SEMESTA;PT BIROTIKA SEMESTA
562;H;;369;-;30 - BC 3.0;00003001304020250131100213;000964;03-02-2025;0013040530093000000000;AEROFOOD INDONESIA;
563;H;;369;-;30 - BC 3.0;00003001100020250203901183;000986;03-02-2025;0011000163092000000000;MUSIM MAS;
564;H;;368;-;30 - BC 3.0;00003092821220250204000219;001015;04-02-2025;0845961077124000000000;CV. CHEERA KING SEAFOOD;PT. LOGISTIK EKSPRESINDO UTAMA
565;H;;368;-;30 - BC 3.0;00003042048820250204000098;001034;04-02-2025;0420488702125000000000;SUMBER LAUT PERCUT;DIRGANTARA SUMATERA EKSPRES
566;H;;368;-;30 - BC 3.0;00003042048820250204000095;001030;04-02-2025;0420488702125000000000;SUMBER LAUT PERCUT;DIRGANTARA SUMATERA EKSPRES
567;H;;368;-;30 - BC 3.0;00003031479320250204000019;001008;04-02-2025;0314793480125000000000;SAGAMI INDONESIA;
568;H;;368;-;30 - BC 3.0;00003092821220250204000222;001023;04-02-2025;0013451828058000000000;PT. TAMORA STEKINDO;PT. LOGISTIK EKSPRESINDO UTAMA
569;H;;367;-;30 - BC 3.0;00003082062720250204000117;001052;05-02-2025;0820627214125000000000;SARANA MAJU BERSAMA;
570;H;;367;-;30 - BC 3.0;00003070829720250205000014;001067;05-02-2025;0708297288124000000000;PUTRI MANALU BERSAUDARA;
571;H;;367;-;30 - BC 3.0;00003003199720250205000415;001056;05-02-2025;0031997299063000000000;UNILEVER OLEOCHEMICAL INDONESIA;
572;H;;367;-;30 - BC 3.0;01010000258220250205000222;001076;05-02-2025;0013107743062000000000;PT BIROTIKA SEMESTA;PT BIROTIKA SEMESTA
573;H;;367;-;30 - BC 3.0;01010000258220250204000212;001061;05-02-2025;0011000163092000000000;PT MUSIM MAS;PT BIROTIKA SEMESTA
574;H;;366;-;30 - BC 3.0;00003082062720250206000139;001095;06-02-2025;0820627214125000000000;SARANA MAJU BERSAMA;
575;H;;366;-;30 - BC 3.0;00003082062720250206000142;001097;06-02-2025;0820627214125000000000;SARANA MAJU BERSAMA;
576;H;;366;-;30 - BC 3.0;00003082062720250206000136;001103;06-02-2025;0820627214125000000000;SARANA MAJU BERSAMA;
577;H;;366;-;30 - BC 3.0;01010000258220250206000229;001115;06-02-2025;0749402475331000000000;PT SPICE LINES INTERNATIONAL;PT BIROTIKA SEMESTA
578;H;;366;-;30 - BC 3.0;00003053320220250206000041;001082;06-02-2025;0533202974125000000000;MARTAMBA TAMBA REZEKI;
579;H;;366;-;30 - BC 3.0;00003042048820250206000100;001112;06-02-2025;0420488702125000000000;SUMBER LAUT PERCUT;DIRGANTARA SUMATERA EKSPRES
580;H;;366;-;30 - BC 3.0;01010000258220250205000224;001090;06-02-2025;0011000163092000000000;PT MUSIM MAS;PT BIROTIKA SEMESTA
581;H;;365;-;30 - BC 3.0;00003082062720250207000161;001151;07-02-2025;0820627214125000000000;SARANA MAJU BERSAMA;
582;H;;365;-;30 - BC 3.0;00003082062720250207000148;001143;07-02-2025;0820627214125000000000;SARANA MAJU BERSAMA;
583;H;;365;-;30 - BC 3.0;00003092821220250207000239;001119;07-02-2025;0800480121111000000000;PT. CEFA INDONESIA SEJAHTERA LESTARI;PT. LOGISTIK EKSPRESINDO UTAMA
584;H;;365;-;30 - BC 3.0;00003070829720250207000016;001134;07-02-2025;0708297288124000000000;PUTRI MANALU BERSAUDARA;
585;H;;365;-;30 - BC 3.0;01010000258220250207000243;001159;07-02-2025;0013107743062000000000;PT BIROTIKA SEMESTA;PT BIROTIKA SEMESTA
586;H;;365;-;30 - BC 3.0;01010000258220250206000233;001126;07-02-2025;0011000163092000000000;PT MUSIM MAS;PT BIROTIKA SEMESTA
587;H;;364;-;30 - BC 3.0;00003092821220250208000245;001161;08-02-2025;0845961077124000000000;CV. CHEERA KING SEAFOOD;PT. LOGISTIK EKSPRESINDO UTAMA
588;H;;362;-;30 - BC 3.0;00003070829720250208000018;001191;10-02-2025;0708297288124000000000;PUTRI MANALU BERSAUDARA;
589;H;;362;-;30 - BC 3.0;00003003199720250210000464;001175;10-02-2025;0031997299063000000000;UNILEVER OLEOCHEMICAL INDONESIA;
590;H;;362;-;30 - BC 3.0;01010000258220250207000241;001183;10-02-2025;0011000163092000000000;PT MUSIM MAS;PT BIROTIKA SEMESTA
591;H;;361;-;30 - BC 3.0;00003090293320250211500052;001243;11-02-2025;0902933480112000000000;PT. ANUGERAH ALAM INDUSTRI;DIRGANTARA SUMATERA EKSPRES
592;H;;361;-;30 - BC 3.0;00003082062720250211000167;001235;11-02-2025;0820627214125000000000;SARANA MAJU BERSAMA;
593;H;;361;-;30 - BC 3.0;00003082062720250211000165;001236;11-02-2025;0820627214125000000000;SARANA MAJU BERSAMA;
594;H;;361;-;30 - BC 3.0;00003082062720250211000178;001223;11-02-2025;0820627214125000000000;SARANA MAJU BERSAMA;
595;H;;361;-;30 - BC 3.0;00003082062720250211000175;001227;11-02-2025;0820627214125000000000;SARANA MAJU BERSAMA;
596;H;;361;-;30 - BC 3.0;00003092821220250211000255;001207;11-02-2025;0800480121111000000000;PT. CEFA INDONESIA SEJAHTERA LESTARI;PT. LOGISTIK EKSPRESINDO UTAMA
597;H;;361;-;30 - BC 3.0;00003042048820250211000111;001216;11-02-2025;0420488702125000000000;SUMBER LAUT PERCUT;DIRGANTARA SUMATERA EKSPRES
598;H;;361;-;30 - BC 3.0;00003005527620250211000020;001200;11-02-2025;0055276885125000000000;REZEKI BAHARI NUSANTARA;
599;H;;360;-;30 - BC 3.0;00003092821220250212000263;001257;12-02-2025;0807559554125000000000;PT. MEGA RATU WALET;PT. LOGISTIK EKSPRESINDO UTAMA
600;H;;360;-;30 - BC 3.0;00003003711020250212000037;001251;12-02-2025;0037110079125000000000;PT. BERJAYA INTI REJEKI DUNIA;DIRGANTARA SUMATERA EKSPRES
601;H;;360;-;30 - BC 3.0;00003003199720250212000504;001269;12-02-2025;0031997299063000000000;UNILEVER OLEOCHEMICAL INDONESIA;
602;H;;360;-;30 - BC 3.0;01010000258220250212000262;001270;12-02-2025;0011000163092000000000;PT MUSIM MAS;PT BIROTIKA SEMESTA
603;H;;359;-;30 - BC 3.0;00003082062720250213000195;001320;13-02-2025;0820627214125000000000;SARANA MAJU BERSAMA;
604;H;;359;-;30 - BC 3.0;00003082062720250213000186;001329;13-02-2025;0820627214125000000000;SARANA MAJU BERSAMA;
605;H;;359;-;30 - BC 3.0;00003082062720250213000188;001325;13-02-2025;0820627214125000000000;SARANA MAJU BERSAMA;
606;H;;359;-;30 - BC 3.0;00003082062720250213000202;001315;13-02-2025;0820627214125000000000;SARANA MAJU BERSAMA;
607;H;;359;-;30 - BC 3.0;00003003711020250213000038;001302;13-02-2025;0037110079125000000000;PT. BERJAYA INTI REJEKI DUNIA;DIRGANTARA SUMATERA EKSPRES
608;H;;359;-;30 - BC 3.0;00003092821220250212000269;001283;13-02-2025;0013451828058000000000;PT. TAMORA STEKINDO;PT. LOGISTIK EKSPRESINDO UTAMA
609;H;;359;-;30 - BC 3.0;00003092821220250212000266;001289;13-02-2025;0013451828058000000000;PT. TAMORA STEKINDO;PT. LOGISTIK EKSPRESINDO UTAMA
610;H;;359;-;30 - BC 3.0;01010000258220250213000275;001306;13-02-2025;0013107743062000000000;PT BIROTIKA SEMESTA;PT BIROTIKA SEMESTA
611;H;;359;-;30 - BC 3.0;00003001115320250213000029;001280;13-02-2025;0011153533092000000000;SUMATRA TOBACCO TRADING COMPANY;
612;H;;359;-;30 - BC 3.0;01010000258220250212000267;001294;13-02-2025;0011000163092000000000;PT MUSIM MAS;PT BIROTIKA SEMESTA
613;H;;358;-;30 - BC 3.0;00003082062720250214000219;001360;14-02-2025;0820627214125000000000;SARANA MAJU BERSAMA;
614;H;;358;-;30 - BC 3.0;00003082062720250214000212;001355;14-02-2025;0820627214125000000000;SARANA MAJU BERSAMA;
615;H;;358;-;30 - BC 3.0;00003082062720250214000223;001364;14-02-2025;0820627214125000000000;SARANA MAJU BERSAMA;
616;H;;358;-;30 - BC 3.0;00003053320220250213000051;001336;14-02-2025;0533202974125000000000;PT. MARTAMBA TAMBA REZEKI;
617;H;;358;-;30 - BC 3.0;00003005527620250214000026;001346;14-02-2025;0055276885125000000000;REZEKI BAHARI NUSANTARA;
618;H;;358;-;30 - BC 3.0;00003001304020250214100249;001345;14-02-2025;0013040530093000000000;AEROFOOD INDONESIA;
619;H;;357;-;30 - BC 3.0;00003053320220250215000053;001384;15-02-2025;0533202974125000000000;MARTAMBA TAMBA REZEKI;
620;H;;357;-;30 - BC 3.0;00003003711020250215000039;001382;15-02-2025;0037110079125000000000;PT. BERJAYA INTI REJEKI DUNIA;DIRGANTARA SUMATERA EKSPRES
621;H;;355;-;30 - BC 3.0;00003092821220250217000293;001393;17-02-2025;0845961077124000000000;CV. CHEERA KING SEAFOOD;PT. LOGISTIK EKSPRESINDO UTAMA
622;H;;355;-;30 - BC 3.0;00003092821220250217000294;001391;17-02-2025;0845961077124000000000;CV. CHEERA KING SEAFOOD;PT. LOGISTIK EKSPRESINDO UTAMA
623;H;;355;-;30 - BC 3.0;00003070811020250217000008;001404;17-02-2025;0708110432125000000000;ORI GINALNEST INDONESIA;
624;H;;355;-;30 - BC 3.0;01010000258220250217000287;001401;17-02-2025;0011000163092000000000;PT MUSIM MAS;PT BIROTIKA SEMESTA
625;H;;354;-;30 - BC 3.0;00003090293320250218500055;001429;18-02-2025;0902933480112000000000;PT. ANUGERAH ALAM INDUSTRI;DIRGANTARA SUMATERA EKSPRES
626;H;;354;-;30 - BC 3.0;00003082062720250218000238;001442;18-02-2025;0820627214125000000000;SARANA MAJU BERSAMA;
627;H;;354;-;30 - BC 3.0;00003082062720250218000235;001435;18-02-2025;0820627214125000000000;SARANA MAJU BERSAMA;
628;H;;354;-;30 - BC 3.0;00003082062720250218000236;001436;18-02-2025;0820627214125000000000;SARANA MAJU BERSAMA;
629;H;;354;-;30 - BC 3.0;00003053320220250218000056;001450;18-02-2025;0533202974125000000000;PT. MARTAMBA TAMBA REZEKI;
630;H;;354;-;30 - BC 3.0;00003042048820250218000120;001422;18-02-2025;0420488702125000000000;SUMBER LAUT PERCUT;DIRGANTARA SUMATERA EKSPRES
631;H;;354;-;30 - BC 3.0;00003031479320250218000035;001414;18-02-2025;0314793480125000000000;SAGAMI INDONESIA;
632;H;;354;-;30 - BC 3.0;00003005527620250218000029;001417;18-02-2025;0055276885125000000000;REZEKI BAHARI NUSANTARA;
633;H;;354;-;30 - BC 3.0;01010000258220250218000302;001451;18-02-2025;0013107743062000000000;PT BIROTIKA SEMESTA;PT BIROTIKA SEMESTA
634;H;;353;-;30 - BC 3.0;00003003711020250219000045;001468;19-02-2025;0037110079125000000000;PT. BERJAYA INTI REJEKI DUNIA;DIRGANTARA SUMATERA EKSPRES
635;H;;353;-;30 - BC 3.0;00003003199720250219000587;001463;19-02-2025;0031997299063000000000;UNILEVER OLEOCHEMICAL INDONESIA;
636;H;;353;-;30 - BC 3.0;00003001270820250218000709;001454;19-02-2025;0012708756092000000000;MULTIMAS NABATI ASAHAN;
637;H;;353;-;30 - BC 3.0;01010000258220250219000306;001471;19-02-2025;0011000163092000000000;PT MUSIM MAS;PT BIROTIKA SEMESTA
638;H;;352;-;30 - BC 3.0;00003092821220250220000314;001500;20-02-2025;1271204308810005000000;UD. ROYAL MARINE CENTRE;PT. LOGISTIK EKSPRESINDO UTAMA
639;H;;352;-;30 - BC 3.0;00003082062720250220000259;001512;20-02-2025;0820627214125000000000;SARANA MAJU BERSAMA;
640;H;;352;-;30 - BC 3.0;00003082062720250220000265;001508;20-02-2025;0820627214125000000000;SARANA MAJU BERSAMA;
641;H;;352;-;30 - BC 3.0;00003082062720250220000255;001516;20-02-2025;0820627214125000000000;SARANA MAJU BERSAMA;
642;H;;352;-;30 - BC 3.0;00003053202520250220000014;001488;20-02-2025;0532025061124000000000;SENTRA MAJU UTAMA;
643;H;;352;-;30 - BC 3.0;00003042048820250220000128;001521;20-02-2025;0420488702125000000000;SUMBER LAUT PERCUT;DIRGANTARA SUMATERA EKSPRES
644;H;;352;-;30 - BC 3.0;00003042048820250220000127;001520;20-02-2025;0420488702125000000000;SUMBER LAUT PERCUT;DIRGANTARA SUMATERA EKSPRES
645;H;;352;-;30 - BC 3.0;00003003947220250219500119;001484;20-02-2025;0039472220125000000000;PT. REPTIL INDO PERSADA;PT. PUTRA INDONESIA SEJAHTERA
646;H;;352;-;30 - BC 3.0;00003092821220250220000318;001501;20-02-2025;0017275736113000000000;PT. KREASI FAUNA INDAH;PT. LOGISTIK EKSPRESINDO UTAMA
647;H;;352;-;30 - BC 3.0;00003001431020250220000744;001490;20-02-2025;0014310247121000000000;PT. PERMATA HIJAU PALM OLEO;
648;H;;352;-;30 - BC 3.0;00003092821220250219000311;001480;20-02-2025;0013451828058000000000;PT. TAMORA STEKINDO;PT. LOGISTIK EKSPRESINDO UTAMA
649;H;;352;-;30 - BC 3.0;01010000258220250220000309;001493;20-02-2025;0011000163092000000000;PT MUSIM MAS;PT BIROTIKA SEMESTA
650;H;;351;-;30 - BC 3.0;00003009705420250221000017;001550;21-02-2025;1271150703730005000000;UD.JUANDA AQUATIC;PT.RAYA ABADI KENCANA
651;H;;351;-;30 - BC 3.0;00003082062720250221000274;001563;21-02-2025;0820627214125000000000;SARANA MAJU BERSAMA;
652;H;;351;-;30 - BC 3.0;00003082062720250221000275;001564;21-02-2025;0820627214125000000000;SARANA MAJU BERSAMA;
653;H;;351;-;30 - BC 3.0;00003082062720250221000270;001558;21-02-2025;0820627214125000000000;SARANA MAJU BERSAMA;
654;H;;351;-;30 - BC 3.0;00003060659720250220500120;001542;21-02-2025;0606597060111000000000;PT. ALIAN RUSWAN CEMERLANG;PT. PUTRA INDONESIA SEJAHTERA
655;H;;351;-;30 - BC 3.0;00003053320220250220000060;001544;21-02-2025;0533202974125000000000;PT. MARTAMBA TAMBA REZEKI;
656;H;;351;-;30 - BC 3.0;00003005527620250221000031;001536;21-02-2025;0055276885125000000000;REZEKI BAHARI NUSANTARA;
657;H;;351;-;30 - BC 3.0;00003003199720250220000602;001554;21-02-2025;0031997299063000000000;UNILEVER OLEOCHEMICAL INDONESIA;
658;H;;351;-;30 - BC 3.0;00003001270820250220000736;001525;21-02-2025;0012708756092000000000;MULTIMAS NABATI ASAHAN;
659;H;;351;-;30 - BC 3.0;00003001115320250221000039;001532;21-02-2025;0011153533092000000000;PT.  SUMATRA TOBACCO TRADING COMPANY;
660;H;;350;-;30 - BC 3.0;00003003711020250222000046;001572;22-02-2025;0037110079125000000000;PT. BERJAYA INTI REJEKI DUNIA;DIRGANTARA SUMATERA EKSPRES
661;H;;350;-;30 - BC 3.0;01010000258220250221000320;001577;22-02-2025;0010680221052000000000;PT MEDISAFE TECHNOLOGIES;PT BIROTIKA SEMESTA
662;H;;349;-;30 - BC 3.0;00003053320220250223000062;001583;23-02-2025;0533202974125000000000;MARTAMBA TAMBA REZEKI;
663;H;;348;-;30 - BC 3.0;00003092821220250224000346;001594;24-02-2025;0942785502113000000000;PT. ERGA BUANA KENCANA;PT. LOGISTIK EKSPRESINDO UTAMA
664;H;;348;-;30 - BC 3.0;00003082062720250224000284;001601;24-02-2025;0820627214125000000000;SARANA MAJU BERSAMA;
665;H;;348;-;30 - BC 3.0;00003053320220250224000063;001585;24-02-2025;0533202974125000000000;PT. MARTAMBA TAMBA REZEKI;
666;H;;348;-;30 - BC 3.0;00003003199720250224000652;001596;24-02-2025;0031997299063000000000;UNILEVER OLEOCHEMICAL INDONESIA;
667;H;;348;-;30 - BC 3.0;00003001718920250224000053;001604;24-02-2025;0017189184125000000000;TOBA SURIMI INDUSTRIES;
668;H;;348;-;30 - BC 3.0;00003001270820250224000785;001588;24-02-2025;0012708756092000000000;MULTIMAS NABATI ASAHAN;
669;H;;347;-;30 - BC 3.0;00003082062720250225000287;001639;25-02-2025;0820627214125000000000;SARANA MAJU BERSAMA;
670;H;;347;-;30 - BC 3.0;00003082062720250225000293;001644;25-02-2025;0820627214125000000000;SARANA MAJU BERSAMA;
671;H;;347;-;30 - BC 3.0;00003092821220250224000343;001611;25-02-2025;0800480121111000000000;PT. CEFA INDONESIA SEJAHTERA LESTARI;PT. LOGISTIK EKSPRESINDO UTAMA
672;H;;347;-;30 - BC 3.0;00003073303820250225000004;001649;25-02-2025;0733038343113000000000;CV PUTRA TELLO MANDIRI;PT.RAYA ABADI KENCANA
673;H;;347;-;30 - BC 3.0;00003070829720250225500124;001621;25-02-2025;0708297288124000000000;PT. PUTRI MANALU BERSAUDARA;PT. PUTRA INDONESIA SEJAHTERA
674;H;;347;-;30 - BC 3.0;00003053320220250225000065;001630;25-02-2025;0533202974125000000000;PT. MARTAMBA TAMBA REZEKI;
675;H;;347;-;30 - BC 3.0;00003092821220250225000356;001651;25-02-2025;0017275736113000000000;PT. KREASI FAUNA INDAH;PT. LOGISTIK EKSPRESINDO UTAMA
676;H;;347;-;30 - BC 3.0;00003001431020250225000809;001629;25-02-2025;0014310247121000000000;PT. PERMATA HIJAU PALM OLEO;
677;H;;347;-;30 - BC 3.0;01010000258220250225000342;001634;25-02-2025;0013107743062000000000;PT BIROTIKA SEMESTA;PT BIROTIKA SEMESTA
678;H;;347;-;30 - BC 3.0;01010000258220250224000331;001616;25-02-2025;0011000163092000000000;PT MUSIM MAS;PT BIROTIKA SEMESTA
679;H;;347;-;30 - BC 3.0;01010000258220250225000340;001625;25-02-2025;0010680221052000000000;PT MEDISAFE TECHNOLOGIES;PT BIROTIKA SEMESTA
680;H;;346;-;30 - BC 3.0;00003092821220250226000360;001662;26-02-2025;0845961077124000000000;CV. CHEERA KING SEAFOOD;PT. LOGISTIK EKSPRESINDO UTAMA
681;H;;346;-;30 - BC 3.0;00003092821220250226000363;001667;26-02-2025;0845961077124000000000;CV. CHEERA KING SEAFOOD;PT. LOGISTIK EKSPRESINDO UTAMA
682;H;;346;-;30 - BC 3.0;00003082062720250226000301;001675;26-02-2025;0820627214125000000000;SARANA MAJU BERSAMA;
683;H;;346;-;30 - BC 3.0;00003082062720250226000300;001677;26-02-2025;0820627214125000000000;SARANA MAJU BERSAMA;
684;H;;346;-;30 - BC 3.0;00003003199720250226000692;001659;26-02-2025;0031997299063000000000;UNILEVER OLEOCHEMICAL INDONESIA;
685;H;;346;-;30 - BC 3.0;01010000258220250225000344;001652;26-02-2025;0013107743062000000000;PT BIROTIKA SEMESTA;PT BIROTIKA SEMESTA
686;H;;346;-;30 - BC 3.0;01010000258220250226000346;001669;26-02-2025;0011000163092000000000;PT MUSIM MAS;PT BIROTIKA SEMESTA
687;H;;345;-;30 - BC 3.0;00003090293320250227500059;001695;27-02-2025;0902933480112000000000;PT. ANUGERAH ALAM INDUSTRI;DIRGANTARA SUMATERA EKSPRES
688;H;;345;-;30 - BC 3.0;00003082062720250227000313;001704;27-02-2025;0820627214125000000000;SARANA MAJU BERSAMA;
689;H;;345;-;30 - BC 3.0;00003082062720250227000307;001709;27-02-2025;0820627214125000000000;SARANA MAJU BERSAMA;
690;H;;345;-;30 - BC 3.0;00003082062720250227000302;001701;27-02-2025;0820627214125000000000;SARANA MAJU BERSAMA;
691;H;;345;-;30 - BC 3.0;00003070829720250227500129;001690;27-02-2025;0708297288124000000000;PT. PUTRI MANALU BERSAUDARA;PT. PUTRA INDONESIA SEJAHTERA
692;H;;345;-;30 - BC 3.0;00003042048820250227000134;001698;27-02-2025;0420488702125000000000;SUMBER LAUT PERCUT;DIRGANTARA SUMATERA EKSPRES
693;H;;345;-;30 - BC 3.0;00003092821220250226000369;001684;27-02-2025;0013451828058000000000;PT. TAMORA STEKINDO;PT. LOGISTIK EKSPRESINDO UTAMA
694;H;;345;-;30 - BC 3.0;00003092821220250226000365;001681;27-02-2025;0013451828058000000000;PT. TAMORA STEKINDO;PT. LOGISTIK EKSPRESINDO UTAMA
695;H;;345;-;30 - BC 3.0;01010000258220250227000358;001715;27-02-2025;0011000163092000000000;PT MUSIM MAS;PT BIROTIKA SEMESTA
696;H;;344;-;30 - BC 3.0;00003009705420250228000019;001726;28-02-2025;1271150703730005000000;UD.JUANDA AQUATIC;PT.RAYA ABADI KENCANA
697;H;;344;-;30 - BC 3.0;00003082062720250228000330;001747;28-02-2025;0820627214125000000000;SARANA MAJU BERSAMA;
698;H;;344;-;30 - BC 3.0;00003082062720250228000319;001730;28-02-2025;0820627214125000000000;SARANA MAJU BERSAMA;
699;H;;344;-;30 - BC 3.0;00003082062720250228000326;001751;28-02-2025;0820627214125000000000;SARANA MAJU BERSAMA;
700;H;;344;-;30 - BC 3.0;00003082062720250228000321;001745;28-02-2025;0820627214125000000000;SARANA MAJU BERSAMA;
701;H;;344;-;30 - BC 3.0;00003070829720250228500130;001724;28-02-2025;0708297288124000000000;PT. PUTRI MANALU BERSAUDARA;PT. PUTRA INDONESIA SEJAHTERA
702;H;;344;-;30 - BC 3.0;00003092821220250228000380;001738;28-02-2025;0013451828058000000000;PT. TAMORA STEKINDO;PT. LOGISTIK EKSPRESINDO UTAMA
703;H;;344;-;30 - BC 3.0;01010000258220250228000367;001759;28-02-2025;0013107743062000000000;PT BIROTIKA SEMESTA;PT BIROTIKA SEMESTA
704;H;;344;-;30 - BC 3.0;01010000258220250227000360;001718;28-02-2025;0013107743062000000000;PT BIROTIKA SEMESTA;PT BIROTIKA SEMESTA
705;H;;344;-;30 - BC 3.0;01010000258220250228000361;001755;28-02-2025;0013107743062000000000;PT BIROTIKA SEMESTA;PT BIROTIKA SEMESTA
706;H;;341;-;30 - BC 3.0;00003092821220250303000389;001788;03-03-2025;0845961077124000000000;CV. CHEERA KING SEAFOOD;PT. LOGISTIK EKSPRESINDO UTAMA
707;H;;341;-;30 - BC 3.0;00003082062720250303000342;001805;03-03-2025;0820627214125000000000;SARANA MAJU BERSAMA;
708;H;;341;-;30 - BC 3.0;00003070829720250303500133;001784;03-03-2025;0708297288124000000000;PT. PUTRI MANALU BERSAUDARA;PT. PUTRA INDONESIA SEJAHTERA
709;H;;341;-;30 - BC 3.0;00003043819820250303000004;001812;03-03-2025;0438198400119000000000;GOLDEN SEAFOOD INDONESIA;
710;H;;341;-;30 - BC 3.0;00003003711020250303000053;001797;03-03-2025;0037110079125000000000;PT. BERJAYA INTI REJEKI DUNIA;DIRGANTARA SUMATERA EKSPRES
711;H;;341;-;30 - BC 3.0;00003001100020250303902359;001806;03-03-2025;0011000163092000000000;MUSIM MAS;
712;H;;330;-;30 - BC 3.0;00003082062720250314000440;002096;14-03-2025;0820627214125000000000;SARANA MAJU BERSAMA;
713;H;;330;-;30 - BC 3.0;00003082062720250314000429;002093;14-03-2025;0820627214125000000000;SARANA MAJU BERSAMA;
714;H;;330;-;30 - BC 3.0;00003082062720250314000433;002099;14-03-2025;0820627214125000000000;SARANA MAJU BERSAMA;
715;H;;330;-;30 - BC 3.0;00003082062720250314000444;002089;14-03-2025;0820627214125000000000;SARANA MAJU BERSAMA;
716;H;;330;-;30 - BC 3.0;00003082062720250314000443;002091;14-03-2025;0820627214125000000000;SARANA MAJU BERSAMA;
717;H;;330;-;30 - BC 3.0;00003053320220250314000088;002104;14-03-2025;0533202974125000000000;PT. MARTAMBA TAMBA REZEKI;
718;H;;330;-;30 - BC 3.0;00003042048820250314000151;002081;14-03-2025;0420488702125000000000;SUMBER LAUT PERCUT;DIRGANTARA SUMATERA EKSPRES
719;H;;330;-;30 - BC 3.0;00003042048820250314000153;002086;14-03-2025;0420488702125000000000;SUMBER LAUT PERCUT;DIRGANTARA SUMATERA EKSPRES
720;H;;330;-;30 - BC 3.0;00003042048820250314000149;002083;14-03-2025;0420488702125000000000;SUMBER LAUT PERCUT;DIRGANTARA SUMATERA EKSPRES
721;H;;330;-;30 - BC 3.0;00003042048820250314000150;002084;14-03-2025;0420488702125000000000;SUMBER LAUT PERCUT;DIRGANTARA SUMATERA EKSPRES
722;H;;330;-;30 - BC 3.0;00003042048820250314000152;002085;14-03-2025;0420488702125000000000;SUMBER LAUT PERCUT;DIRGANTARA SUMATERA EKSPRES
723;H;;330;-;30 - BC 3.0;00003042048820250314000154;002082;14-03-2025;0420488702125000000000;SUMBER LAUT PERCUT;DIRGANTARA SUMATERA EKSPRES
724;H;;330;-;30 - BC 3.0;01010000258220250314000423;002079;14-03-2025;0011000163092000000000;PT MUSIM MAS;PT BIROTIKA SEMESTA
725;M;N;330;327;30 - BC 3.0;01010000258220250313000420;002076;14-03-2025;0011000163092000000000;PT MUSIM MAS;PT BIROTIKA SEMESTA
726;H;;330;-;30 - BC 3.0;00003092821220250314000457;002080;14-03-2025;0010018067092000000000;PT. SOCFIN INDONESIA;PT. LOGISTIK EKSPRESINDO UTAMA
727;H;;329;-;30 - BC 3.0;00003084834820250312000684;002112;15-03-2025;0848348967125000000000;PT. ANUGERAH WALET JAYA;
728;H;;329;-;30 - BC 3.0;00003092821220250315000463;002109;15-03-2025;0845961077124000000000;CV. CHEERA KING SEAFOOD;PT. LOGISTIK EKSPRESINDO UTAMA
729;H;;329;-;30 - BC 3.0;00003070829720250315000039;002106;15-03-2025;0708297288124000000000;PT. PUTRI MANALU BERSAUDARA;
730;H;;329;-;30 - BC 3.0;00003053320220250315000089;002118;15-03-2025;0533202974125000000000;PT. MARTAMBA TAMBA REZEKI;
731;H;;329;-;30 - BC 3.0;00003003711020250315000065;002114;15-03-2025;0037110079125000000000;PT. BERJAYA INTI REJEKI DUNIA;DIRGANTARA SUMATERA EKSPRES
732;H;;329;-;30 - BC 3.0;00003001127920250315105066;002116;15-03-2025;0011279056123000000000;CV. AROMA & CO;
733;H;;328;-;30 - BC 3.0;00003053320220250316000091;002119;16-03-2025;0533202974125000000000;PT. MARTAMBA TAMBA REZEKI;
734;H;;328;-;30 - BC 3.0;00003053320220250316000092;002121;16-03-2025;0533202974125000000000;PT. MARTAMBA TAMBA REZEKI;
735;H;;327;-;30 - BC 3.0;00003082062720250317000454;002142;17-03-2025;0820627214125000000000;SARANA MAJU BERSAMA;
736;H;;327;-;30 - BC 3.0;00003082062720250317000453;002141;17-03-2025;0820627214125000000000;SARANA MAJU BERSAMA;
737;H;;327;-;30 - BC 3.0;00003082062720250317000447;002146;17-03-2025;0820627214125000000000;SARANA MAJU BERSAMA;
738;H;;327;-;30 - BC 3.0;00003082062720250317000458;002149;17-03-2025;0820627214125000000000;SARANA MAJU BERSAMA;
739;H;;327;-;30 - BC 3.0;00003082062720250317000457;002138;17-03-2025;0820627214125000000000;SARANA MAJU BERSAMA;
740;H;;327;-;30 - BC 3.0;00003082062720250317000435;002150;17-03-2025;0820627214125000000000;SARANA MAJU BERSAMA;
741;H;;327;-;30 - BC 3.0;00003082062720250317000450;002145;17-03-2025;0820627214125000000000;SARANA MAJU BERSAMA;
742;H;;327;-;30 - BC 3.0;00003053320220250317000093;002124;17-03-2025;0533202974125000000000;PT. MARTAMBA TAMBA REZEKI;
743;H;;327;-;30 - BC 3.0;00003042048820250317000155;002136;17-03-2025;0420488702125000000000;SUMBER LAUT PERCUT;DIRGANTARA SUMATERA EKSPRES
744;H;;327;-;30 - BC 3.0;00003031479320250317000065;002127;17-03-2025;0314793480125000000000;SAGAMI INDONESIA;
745;H;;327;-;30 - BC 3.0;00003003711020250317000066;002130;17-03-2025;0037110079125000000000;PT. BERJAYA INTI REJEKI DUNIA;DIRGANTARA SUMATERA EKSPRES
746;H;;327;-;30 - BC 3.0;00003001431020250315001073;002123;17-03-2025;0014310247121000000000;PT. PERMATA HIJAU PALM OLEO;
747;H;;327;-;30 - BC 3.0;00003001431020250317001098;002129;17-03-2025;0014310247121000000000;PT. PERMATA HIJAU PALM OLEO;
748;M;N;327;326;30 - BC 3.0;01010000258220250314000425;002134;17-03-2025;0011000163092000000000;PT. MUSIM MAS;PT BIROTIKA SEMESTA
749;H;;327;-;30 - BC 3.0;00003001069220250317000004;002132;17-03-2025;0010692044511000000000;PT.SELEKTANI INDUK USAHA;PT.RAYA ABADI KENCANA
750;H;;326;-;30 - BC 3.0;00003082062720250318000464;002178;18-03-2025;0820627214125000000000;SARANA MAJU BERSAMA;
751;H;;326;-;30 - BC 3.0;00003082062720250318000460;002184;18-03-2025;0820627214125000000000;SARANA MAJU BERSAMA;
752;H;;326;-;30 - BC 3.0;00003082062720250318000461;002180;18-03-2025;0820627214125000000000;SARANA MAJU BERSAMA;
753;H;;326;-;30 - BC 3.0;00003082062720250318000462;002176;18-03-2025;0820627214125000000000;SARANA MAJU BERSAMA;
754;H;;326;-;30 - BC 3.0;00003092821220250318000481;002172;18-03-2025;0807559554125000000000;PT. MEGA RATU WALET;PT. LOGISTIK EKSPRESINDO UTAMA
755;H;;326;-;30 - BC 3.0;00003092821220250317000471;002161;18-03-2025;0800480121111000000000;PT. CEFA INDONESIA SEJAHTERA LESTARI;PT. LOGISTIK EKSPRESINDO UTAMA
756;H;;326;-;30 - BC 3.0;00003074102720250318000009;002169;18-03-2025;0741027718104000000000;PERTANIAN GAYO LAUSER ANTARA;
757;H;;326;-;30 - BC 3.0;00003070811020250318000020;002155;18-03-2025;0708110432125000000000;ORI GINALNEST INDONESIA;
758;H;;326;-;30 - BC 3.0;00003053320220250318000094;002159;18-03-2025;0533202974125000000000;PT. MARTAMBA TAMBA REZEKI;
759;H;;326;-;30 - BC 3.0;01010000258220250315000434;002168;18-03-2025;0199168816807000000000;PT. ARSYAM NUSANTARA SEJAHTERA;PT BIROTIKA SEMESTA
760;H;;326;-;30 - BC 3.0;00003003711020250318000068;002166;18-03-2025;0037110079125000000000;PT. BERJAYA INTI REJEKI DUNIA;DIRGANTARA SUMATERA EKSPRES
761;H;;326;-;30 - BC 3.0;01010000258220250318000443;002181;18-03-2025;0022786024125000000000;PT. JASINDO TESTING SERVICES;PT BIROTIKA SEMESTA
762;H;;326;-;30 - BC 3.0;00003001564420250318000012;002164;18-03-2025;0015644529113000000000;YAKITA MULIA;
763;H;;326;-;30 - BC 3.0;01010000258220250318000445;002186;18-03-2025;0013107743062000000000;PT BIROTIKA SEMESTA;PT BIROTIKA SEMESTA
764;H;;326;-;30 - BC 3.0;01010000258220250318000444;002173;18-03-2025;0013107743062000000000;PT BIROTIKA SEMESTA;PT BIROTIKA SEMESTA
765;H;;326;-;30 - BC 3.0;00003001270820250318001149;002158;18-03-2025;0012708756092000000000;MULTIMAS NABATI ASAHAN;
766;H;;326;-;30 - BC 3.0;00003001001720250318000078;002154;18-03-2025;0010017309052000000000;PT. RUBBER HOCK LIE;
767;H;;325;-;30 - BC 3.0;00003092821220250319000485;002188;19-03-2025;0845961077124000000000;CV. CHEERA KING SEAFOOD;PT. LOGISTIK EKSPRESINDO UTAMA
768;H;;325;-;30 - BC 3.0;00003082062720250319000472;002195;19-03-2025;0820627214125000000000;SARANA MAJU BERSAMA;
769;H;;325;-;30 - BC 3.0;00003082062720250319000470;002191;19-03-2025;0820627214125000000000;SARANA MAJU BERSAMA;
770;H;;325;-;30 - BC 3.0;00003053320220250319000096;002201;19-03-2025;0533202974125000000000;PT. MARTAMBA TAMBA REZEKI;
771;H;;325;-;30 - BC 3.0;00003001431020250319001135;002207;19-03-2025;0014310247121000000000;PT. PERMATA HIJAU PALM OLEO;
772;H;;325;-;30 - BC 3.0;00003092821220250319000491;002206;19-03-2025;0013451828058000000000;PT. TAMORA STEKINDO;PT. LOGISTIK EKSPRESINDO UTAMA
773;H;;325;-;30 - BC 3.0;00003092821220250319000489;002203;19-03-2025;0013451828058000000000;PT. TAMORA STEKINDO;PT. LOGISTIK EKSPRESINDO UTAMA
774;H;;325;-;30 - BC 3.0;01010000258220250319000452;002210;19-03-2025;0013107743062000000000;PT BIROTIKA SEMESTA;PT BIROTIKA SEMESTA
775;H;;325;-;30 - BC 3.0;00003001228120250319000442;002189;19-03-2025;0012281929123000000000;SARI INCOFOOD CORPORATION;
776;H;;325;-;30 - BC 3.0;00003001127920250319105069;002198;19-03-2025;0011279056123000000000;CV. AROMA & CO;
777;H;;325;-;30 - BC 3.0;00003001001820250319000004;002200;19-03-2025;0010018034058000000000;PT.BIBIT BARU;PT.RAYA ABADI KENCANA
778;H;;324;-;30 - BC 3.0;00003092821220250320000493;002220;20-03-2025;0845961077124000000000;CV. CHEERA KING SEAFOOD;PT. LOGISTIK EKSPRESINDO UTAMA
779;H;;324;-;30 - BC 3.0;00003082062720250320000485;002240;20-03-2025;0820627214125000000000;SARANA MAJU BERSAMA;
780;H;;324;-;30 - BC 3.0;00003082062720250320000480;002231;20-03-2025;0820627214125000000000;SARANA MAJU BERSAMA;
781;H;;324;-;30 - BC 3.0;00003082062720250320000486;002229;20-03-2025;0820627214125000000000;SARANA MAJU BERSAMA;
782;H;;324;-;30 - BC 3.0;00003070811020250320000022;002233;20-03-2025;0708110432125000000000;ORI GINALNEST INDONESIA;
783;H;;324;-;30 - BC 3.0;00003070811020250320000024;002236;20-03-2025;0708110432125000000000;ORI GINALNEST INDONESIA;
784;H;;324;-;30 - BC 3.0;00003070811020250320000023;002241;20-03-2025;0708110432125000000000;ORI GINALNEST INDONESIA;
785;H;;324;-;30 - BC 3.0;00003053202520250320000027;002218;20-03-2025;0532025061124000000000;SENTRA MAJU UTAMA;
786;H;;324;-;30 - BC 3.0;00003053202520250319000026;002222;20-03-2025;0532025061124000000000;SENTRA MAJU UTAMA;
787;H;;324;-;30 - BC 3.0;00003031479320250320000070;002212;20-03-2025;0314793480125000000000;SAGAMI INDONESIA;
788;H;;324;-;30 - BC 3.0;00003003199720250320000935;002224;20-03-2025;0031997299063000000000;UNILEVER OLEOCHEMICAL INDONESIA;
789;H;;324;-;30 - BC 3.0;00003001431020250319001134;002213;20-03-2025;0014310247121000000000;PT. PERMATA HIJAU PALM OLEO;
790;H;;324;-;30 - BC 3.0;01010000258220250320000457;002244;20-03-2025;0013107743062000000000;PT BIROTIKA SEMESTA;PT BIROTIKA SEMESTA
791;H;;324;-;30 - BC 3.0;01010000258220250320000453;002228;20-03-2025;0013107743062000000000;PT BIROTIKA SEMESTA;PT BIROTIKA SEMESTA
792;H;;324;-;30 - BC 3.0;00003001270820250320001179;002215;20-03-2025;0012708756092000000000;MULTIMAS NABATI ASAHAN;
793;H;;324;-;30 - BC 3.0;01010000258220250319000446;002225;20-03-2025;0011000163092000000000;PT. MUSIM MAS;PT BIROTIKA SEMESTA
794;H;;323;-;30 - BC 3.0;00003092821220250321000500;002259;21-03-2025;0845961077124000000000;CV. CHEERA KING SEAFOOD;PT. LOGISTIK EKSPRESINDO UTAMA
795;H;;323;-;30 - BC 3.0;00003083316220250321000008;002275;21-03-2025;0833162191122000000000;PT. TOP RAWYALE INDONESIA;
796;H;;323;-;30 - BC 3.0;00003082062720250321000489;002261;21-03-2025;0820627214125000000000;SARANA MAJU BERSAMA;
797;H;;323;-;30 - BC 3.0;00003082062720250321000496;002264;21-03-2025;0820627214125000000000;SARANA MAJU BERSAMA;
798;H;;323;-;30 - BC 3.0;00003082062720250321000492;002268;21-03-2025;0820627214125000000000;SARANA MAJU BERSAMA;
799;H;;323;-;30 - BC 3.0;00003082062720250321000490;002273;21-03-2025;0820627214125000000000;SARANA MAJU BERSAMA;
800;H;;323;-;30 - BC 3.0;00003082062720250321000491;002269;21-03-2025;0820627214125000000000;SARANA MAJU BERSAMA;
801;H;;323;-;30 - BC 3.0;00003082062720250321000499;002265;21-03-2025;0820627214125000000000;SARANA MAJU BERSAMA;
802;H;;323;-;30 - BC 3.0;00003092821220250320000496;002258;21-03-2025;0800480121111000000000;PT. CEFA INDONESIA SEJAHTERA LESTARI;PT. LOGISTIK EKSPRESINDO UTAMA
803;H;;323;-;30 - BC 3.0;00003053320220250321000099;002286;21-03-2025;0533202974125000000000;PT. MARTAMBA TAMBA REZEKI;
804;H;;323;-;30 - BC 3.0;00003053320220250320000098;002245;21-03-2025;0533202974125000000000;PT. MARTAMBA TAMBA REZEKI;
805;H;;323;-;30 - BC 3.0;00003042048820250321000160;002271;21-03-2025;0420488702125000000000;SUMBER LAUT PERCUT;DIRGANTARA SUMATERA EKSPRES
806;H;;323;-;30 - BC 3.0;00003042048820250319000157;002255;21-03-2025;0420488702125000000000;SUMBER LAUT PERCUT;DIRGANTARA SUMATERA EKSPRES
807;H;;323;-;30 - BC 3.0;00003003199720250321000950;002279;21-03-2025;0031997299063000000000;UNILEVER OLEOCHEMICAL INDONESIA;
808;H;;323;-;30 - BC 3.0;01010000258220250321000458;002282;21-03-2025;0015163751123000000000;PT. GROWTH ASIA;PT BIROTIKA SEMESTA
809;H;;323;-;30 - BC 3.0;00003001431020250321001172;002254;21-03-2025;0014310247121000000000;PT. PERMATA HIJAU PALM OLEO;
810;H;;323;-;30 - BC 3.0;00003001431020250320001157;002250;21-03-2025;0014310247121000000000;PT. PERMATA HIJAU PALM OLEO;
811;H;;323;-;30 - BC 3.0;00003092821220250320000495;002248;21-03-2025;0013451828058000000000;PT. TAMORA STEKINDO;PT. LOGISTIK EKSPRESINDO UTAMA
812;H;;323;-;30 - BC 3.0;01010000258220250321000461;002284;21-03-2025;0013107743062000000000;PT BIROTIKA SEMESTA;PT BIROTIKA SEMESTA
813;H;;323;-;30 - BC 3.0;00003001270820250320001194;002252;21-03-2025;0012708756092000000000;MULTIMAS NABATI ASAHAN;
814;H;;323;-;30 - BC 3.0;01010000258220250320000454;002278;21-03-2025;0011000163092000000000;PT. MUSIM MAS;PT BIROTIKA SEMESTA
815;H;;322;-;30 - BC 3.0;00003092821220250322000507;002289;22-03-2025;0845961077124000000000;CV. CHEERA KING SEAFOOD;PT. LOGISTIK EKSPRESINDO UTAMA
816;H;;322;-;30 - BC 3.0;00003070829720250307000036;002290;22-03-2025;0708297288124000000000;PT. PUTRI MANALU BERSAUDARA;
817;H;;322;-;30 - BC 3.0;00003001431020250322001192;002292;22-03-2025;0014310247121000000000;PT. PERMATA HIJAU PALM OLEO;
818;H;;322;-;30 - BC 3.0;01010000258220250322000472;002294;22-03-2025;0013107743062000000000;PT BIROTIKA SEMESTA;PT BIROTIKA SEMESTA
819;H;;320;-;30 - BC 3.0;00003092821220250324000514;002314;24-03-2025;1271204308810005000000;UD. ROYAL MARINE CENTRE;PT. LOGISTIK EKSPRESINDO UTAMA
820;H;;320;-;30 - BC 3.0;00003084834820250320000688;002303;24-03-2025;0848348967125000000000;PT. ANUGERAH WALET JAYA;
821;H;;320;-;30 - BC 3.0;00003082062720250324000510;002326;24-03-2025;0820627214125000000000;SARANA MAJU BERSAMA;
822;H;;320;-;30 - BC 3.0;00003082062720250324000506;002320;24-03-2025;0820627214125000000000;SARANA MAJU BERSAMA;
823;H;;320;-;30 - BC 3.0;00003082062720250324000501;002300;24-03-2025;0820627214125000000000;SARANA MAJU BERSAMA;
824;H;;320;-;30 - BC 3.0;00003092821220250324000513;002307;24-03-2025;0807559554125000000000;PT. MEGA RATU WALET;PT. LOGISTIK EKSPRESINDO UTAMA
825;H;;320;-;30 - BC 3.0;00003092821220250322000511;002305;24-03-2025;0800480121111000000000;PT. CEFA INDONESIA SEJAHTERA LESTARI;PT. LOGISTIK EKSPRESINDO UTAMA
826;H;;320;-;30 - BC 3.0;00003053320220250324000102;002316;24-03-2025;0533202974125000000000;PT. MARTAMBA TAMBA REZEKI;
827;H;;320;-;30 - BC 3.0;00003053320220250324000103;002332;24-03-2025;0533202974125000000000;PT. MARTAMBA TAMBA REZEKI;
828;H;;320;-;30 - BC 3.0;00003042048820250324000162;002328;24-03-2025;0420488702125000000000;SUMBER LAUT PERCUT;DIRGANTARA SUMATERA EKSPRES
829;H;;320;-;30 - BC 3.0;00003031479320250324000075;002299;24-03-2025;0314793480125000000000;SAGAMI INDONESIA;
830;H;;320;-;30 - BC 3.0;00003021082620250321500157;002296;24-03-2025;0210826228122000000000;SUMARTA;PT. PUTRA INDONESIA SEJAHTERA
831;H;;320;-;30 - BC 3.0;00003000745720250324500067;002330;24-03-2025;0074572938411500000000;PT. HALINDO BERJAYA MANDIRI;DIRGANTARA SUMATERA EKSPRES
832;H;;320;-;30 - BC 3.0;00003003711020250324000069;002310;24-03-2025;0037110079125000000000;PT. BERJAYA INTI REJEKI DUNIA;DIRGANTARA SUMATERA EKSPRES
833;H;;320;-;30 - BC 3.0;00003003711020250324000070;002309;24-03-2025;0037110079125000000000;PT. BERJAYA INTI REJEKI DUNIA;DIRGANTARA SUMATERA EKSPRES
834;H;;320;-;30 - BC 3.0;01010000258220250321000462;002313;24-03-2025;0015168784123000000000;PT. SAMAWOOD UTAMA WORKS INDUSTRIES;PT BIROTIKA SEMESTA
835;H;;319;-;30 - BC 3.0;00003082062720250325000516;002341;25-03-2025;0820627214125000000000;SARANA MAJU BERSAMA;
836;H;;319;-;30 - BC 3.0;00003082062720250325000511;002338;25-03-2025;0820627214125000000000;SARANA MAJU BERSAMA;
837;H;;319;-;30 - BC 3.0;00003082062720250325000514;002342;25-03-2025;0820627214125000000000;SARANA MAJU BERSAMA;
838;H;;319;-;30 - BC 3.0;00003082062720250325000513;002345;25-03-2025;0820627214125000000000;SARANA MAJU BERSAMA;
839;H;;319;-;30 - BC 3.0;00003082062720250325000512;002344;25-03-2025;0820627214125000000000;SARANA MAJU BERSAMA;
840;H;;319;-;30 - BC 3.0;00003082062720250325000517;002343;25-03-2025;0820627214125000000000;SARANA MAJU BERSAMA;
841;H;;319;-;30 - BC 3.0;00003082062720250325000515;002346;25-03-2025;0820627214125000000000;SARANA MAJU BERSAMA;
842;H;;319;-;30 - BC 3.0;00003053320220250325000104;002350;25-03-2025;0533202974125000000000;PT. MARTAMBA TAMBA REZEKI;
843;H;;319;-;30 - BC 3.0;00003053202520250325000029;002339;25-03-2025;0532025061124000000000;CV. SENTRA MAJU UTAMA;
844;H;;319;-;30 - BC 3.0;01010000258220250325000479;002357;25-03-2025;0314793480125000000000;PT SAGAMI INDONESIA;PT BIROTIKA SEMESTA
845;H;;319;-;30 - BC 3.0;00003003711020250325000072;002351;25-03-2025;0037110079125000000000;PT. BERJAYA INTI REJEKI DUNIA;DIRGANTARA SUMATERA EKSPRES
846;H;;319;-;30 - BC 3.0;00003003199720250325000994;002349;25-03-2025;0031997299063000000000;UNILEVER OLEOCHEMICAL INDONESIA;
847;H;;319;-;30 - BC 3.0;00003002528620250325000057;002340;25-03-2025;0025286972112000000000;PT.SEAFOOD SUMATERA PERKASA;PT.RAYA ABADI KENCANA
848;H;;319;-;30 - BC 3.0;00000000405920250324600393;002348;25-03-2025;0021781331112000000000;PT VICTORINDO PRATAMA MANDIRI;PT RHENUS LOGISTICS INDONESIA
849;H;;319;-;30 - BC 3.0;01010000258220250321000467;002353;25-03-2025;0015168784123000000000;PT. SAMAWOOD UTAMA WORKS INDUSTRIES;PT BIROTIKA SEMESTA
850;H;;319;-;30 - BC 3.0;01010000258220250321000468;002354;25-03-2025;0015168784123000000000;PT. SAMAWOOD UTAMA WORKS INDUSTRIES;PT BIROTIKA SEMESTA
851;H;;319;-;30 - BC 3.0;00003001431020250325001225;002347;25-03-2025;0014310247121000000000;PT. PERMATA HIJAU PALM OLEO;
852;H;;319;-;30 - BC 3.0;00003092821220250324000521;002335;25-03-2025;0013451828058000000000;PT. TAMORA STEKINDO;PT. LOGISTIK EKSPRESINDO UTAMA
853;H;;319;-;30 - BC 3.0;00003092821220250324000520;002334;25-03-2025;0013451828058000000000;PT. TAMORA STEKINDO;PT. LOGISTIK EKSPRESINDO UTAMA
854;H;;319;-;30 - BC 3.0;01010000258220250325000476;002355;25-03-2025;0013107743062000000000;PT BIROTIKA SEMESTA;PT BIROTIKA SEMESTA
855;H;;319;-;30 - BC 3.0;01010000258220250325000482;002358;25-03-2025;0013107743062000000000;PT BIROTIKA SEMESTA;PT BIROTIKA SEMESTA
856;H;;319;-;30 - BC 3.0;01010000258220250324000475;002333;25-03-2025;0013107743062000000000;PT BIROTIKA SEMESTA;PT BIROTIKA SEMESTA
857;H;;319;-;30 - BC 3.0;00003001270820250325001263;002356;25-03-2025;0012708756092000000000;MULTIMAS NABATI ASAHAN;
858;H;;319;-;30 - BC 3.0;00003001270820250325001262;002337;25-03-2025;0012708756092000000000;MULTIMAS NABATI ASAHAN;
859;H;;319;-;30 - BC 3.0;00003001270820250324001250;002336;25-03-2025;0012708756092000000000;MULTIMAS NABATI ASAHAN;
860;H;;319;-;30 - BC 3.0;01010000258220250324000474;002352;25-03-2025;0011000163092000000000;PT MUSIM MAS;PT BIROTIKA SEMESTA
861;H;;318;-;30 - BC 3.0;00003082062720250326000522;002369;26-03-2025;0820627214125000000000;SARANA MAJU BERSAMA;
862;H;;318;-;30 - BC 3.0;00003082062720250326000523;002368;26-03-2025;0820627214125000000000;SARANA MAJU BERSAMA;
863;H;;318;-;30 - BC 3.0;00003082062720250326000518;002364;26-03-2025;0820627214125000000000;SARANA MAJU BERSAMA;
864;H;;318;-;30 - BC 3.0;00003082062720250326000525;002367;26-03-2025;0820627214125000000000;SARANA MAJU BERSAMA;
865;H;;318;-;30 - BC 3.0;00003082062720250326000526;002366;26-03-2025;0820627214125000000000;SARANA MAJU BERSAMA;
866;H;;318;-;30 - BC 3.0;00003082062720250326000521;002371;26-03-2025;0820627214125000000000;SARANA MAJU BERSAMA;
867;H;;318;-;30 - BC 3.0;00003082062720250326000520;002370;26-03-2025;0820627214125000000000;SARANA MAJU BERSAMA;
868;H;;318;-;30 - BC 3.0;00003082062720250326000524;002372;26-03-2025;0820627214125000000000;SARANA MAJU BERSAMA;
869;H;;318;-;30 - BC 3.0;00003082062720250326000519;002373;26-03-2025;0820627214125000000000;SARANA MAJU BERSAMA;
870;H;;318;-;30 - BC 3.0;00003092821220250325000526;002359;26-03-2025;0800480121111000000000;PT. CEFA INDONESIA SEJAHTERA LESTARI;PT. LOGISTIK EKSPRESINDO UTAMA
871;H;;318;-;30 - BC 3.0;00003070829720250326000042;002361;26-03-2025;0708297288124000000000;PT. PUTRI MANALU BERSAUDARA;
872;H;;318;-;30 - BC 3.0;00003070829720250307000037;002362;26-03-2025;0708297288124000000000;PT. PUTRI MANALU BERSAUDARA;
873;H;;318;-;30 - BC 3.0;00003053320220250326000105;002375;26-03-2025;0533202974125000000000;PT. MARTAMBA TAMBA REZEKI;
874;H;;318;-;30 - BC 3.0;00003053320220250326000106;002380;26-03-2025;0533202974125000000000;PT. MARTAMBA TAMBA REZEKI;
875;H;;318;-;30 - BC 3.0;00003000745720250326500068;002374;26-03-2025;0074572938411500000000;PT. HALINDO BERJAYA MANDIRI;DIRGANTARA SUMATERA EKSPRES
876;H;;318;-;30 - BC 3.0;00003003199720250326001013;002365;26-03-2025;0031997299063000000000;UNILEVER OLEOCHEMICAL INDONESIA;
877;H;;318;-;30 - BC 3.0;01010000258220250321000466;002377;26-03-2025;0015168784123000000000;PT. SAMAWOOD UTAMA WORKS INDUSTRIES;PT BIROTIKA SEMESTA
878;H;;318;-;30 - BC 3.0;01010000258220250321000465;002376;26-03-2025;0015168784123000000000;PT. SAMAWOOD UTAMA WORKS INDUSTRIES;PT BIROTIKA SEMESTA
879;H;;318;-;30 - BC 3.0;00003001431020250326001246;002363;26-03-2025;0014310247121000000000;PT. PERMATA HIJAU PALM OLEO;
880;H;;318;-;30 - BC 3.0;01010000258220250326000485;002382;26-03-2025;0013107743062000000000;PT BIROTIKA SEMESTA;PT BIROTIKA SEMESTA
881;H;;318;-;30 - BC 3.0;01010000258220250326000484;002379;26-03-2025;0013107743062000000000;PT BIROTIKA SEMESTA;PT BIROTIKA SEMESTA
882;H;;318;-;30 - BC 3.0;00003001100020250326903348;002381;26-03-2025;0011000163092000000000;MUSIM MAS;
883;H;;318;-;30 - BC 3.0;00003001001820250326000005;002378;26-03-2025;0010018034058000000000;PT.BIBIT BARU;PT.RAYA ABADI KENCANA
884;H;;317;-;30 - BC 3.0;00003092821220250327000540;002399;27-03-2025;1271193011650001000000;UD. HALIM JAYA;PT. LOGISTIK EKSPRESINDO UTAMA
885;H;;317;-;30 - BC 3.0;00003009705420250327000028;002396;27-03-2025;1271150703730005000000;UD.JUANDA AQUATIC;PT.RAYA ABADI KENCANA
886;H;;317;-;30 - BC 3.0;00003001430120250327000058;002411;27-03-2025;1271150703730005000000;UD.JUANDA AQUATIC;PT.RAYA ABADI KENCANA
887;H;;317;-;30 - BC 3.0;00003092821220250327000539;002389;27-03-2025;0845961077124000000000;CV. CHEERA KING SEAFOOD;PT. LOGISTIK EKSPRESINDO UTAMA
888;H;;317;-;30 - BC 3.0;00003082062720250327000531;002408;27-03-2025;0820627214125000000000;SARANA MAJU BERSAMA;
889;H;;317;-;30 - BC 3.0;00003082062720250327000530;002410;27-03-2025;0820627214125000000000;SARANA MAJU BERSAMA;
890;H;;317;-;30 - BC 3.0;00003082062720250327000529;002407;27-03-2025;0820627214125000000000;SARANA MAJU BERSAMA;
891;H;;317;-;30 - BC 3.0;00003082062720250327000527;002405;27-03-2025;0820627214125000000000;SARANA MAJU BERSAMA;
892;H;;317;-;30 - BC 3.0;00003082062720250327000528;002406;27-03-2025;0820627214125000000000;SARANA MAJU BERSAMA;
893;H;;317;-;30 - BC 3.0;00003082062720250327000532;002409;27-03-2025;0820627214125000000000;SARANA MAJU BERSAMA;
894;H;;317;-;30 - BC 3.0;00003092821220250326000535;002383;27-03-2025;0800480121111000000000;PT. CEFA INDONESIA SEJAHTERA LESTARI;PT. LOGISTIK EKSPRESINDO UTAMA
895;H;;317;-;30 - BC 3.0;00003070829720250327000043;002402;27-03-2025;0708297288124000000000;PT. PUTRI MANALU BERSAUDARA;
896;H;;317;-;30 - BC 3.0;00003070829720250327500164;002390;27-03-2025;0708297288124000000000;PT. PUTRI MANALU BERSAUDARA;PT. PUTRA INDONESIA SEJAHTERA
897;H;;317;-;30 - BC 3.0;00003070829720250327000044;002401;27-03-2025;0708297288124000000000;PT. PUTRI MANALU BERSAUDARA;
898;H;;317;-;30 - BC 3.0;00003053320220250327000108;002400;27-03-2025;0533202974125000000000;PT. MARTAMBA TAMBA REZEKI;
899;H;;317;-;30 - BC 3.0;00003053320220250327000107;002395;27-03-2025;0533202974125000000000;PT. MARTAMBA TAMBA REZEKI;
900;H;;317;-;30 - BC 3.0;00003053202520250327000030;002388;27-03-2025;0532025061124000000000;SENTRA MAJU UTAMA;
901;H;;317;-;30 - BC 3.0;00003042048820250327000164;002384;27-03-2025;0420488702125000000000;SUMBER LAUT PERCUT;DIRGANTARA SUMATERA EKSPRES
902;H;;317;-;30 - BC 3.0;00003042048820250327000165;002403;27-03-2025;0420488702125000000000;SUMBER LAUT PERCUT;DIRGANTARA SUMATERA EKSPRES
903;H;;317;-;30 - BC 3.0;00003021082620250326500162;002394;27-03-2025;0210826228122000000000;CV. SUMARTA;PUTRA INDONESIA SEJAHTERA
904;H;;317;-;30 - BC 3.0;00003021082620250326500161;002393;27-03-2025;0210826228122000000000;CV. SUMARTA;PUTRA INDONESIA SEJAHTERA
905;H;;317;-;30 - BC 3.0;00003003711020250327000073;002387;27-03-2025;0037110079125000000000;PT. BERJAYA INTI REJEKI DUNIA;DIRGANTARA SUMATERA EKSPRES
906;H;;317;-;30 - BC 3.0;01010000258220250321000463;002397;27-03-2025;0015168784123000000000;PT. SAMAWOOD UTAMA WORKS INDUSTRIES;PT BIROTIKA SEMESTA
907;H;;317;-;30 - BC 3.0;01010000258220250321000464;002398;27-03-2025;0015168784123000000000;PT. SAMAWOOD UTAMA WORKS INDUSTRIES;PT BIROTIKA SEMESTA
908;H;;317;-;30 - BC 3.0;00003092821220250326000537;002385;27-03-2025;0013451828058000000000;PT. TAMORA STEKINDO;PT. LOGISTIK EKSPRESINDO UTAMA
909;H;;317;-;30 - BC 3.0;00003092821220250326000538;002386;27-03-2025;0013451828058000000000;PT. TAMORA STEKINDO;PT. LOGISTIK EKSPRESINDO UTAMA
910;H;;317;-;30 - BC 3.0;01010000258220250327000486;002412;27-03-2025;0013107743062000000000;PT BIROTIKA SEMESTA;PT BIROTIKA SEMESTA
911;H;;316;-;30 - BC 3.0;00003092821220250328000544;002429;28-03-2025;0845961077124000000000;CV. CHEERA KING SEAFOOD;PT. LOGISTIK EKSPRESINDO UTAMA
912;H;;316;-;30 - BC 3.0;00003092821220250328000543;002428;28-03-2025;0845961077124000000000;CV. CHEERA KING SEAFOOD;PT. LOGISTIK EKSPRESINDO UTAMA
913;H;;316;-;30 - BC 3.0;00003092821220250328000545;002430;28-03-2025;0845961077124000000000;CV. CHEERA KING SEAFOOD;PT. LOGISTIK EKSPRESINDO UTAMA
914;H;;316;-;30 - BC 3.0;00003082062720250328000534;002419;28-03-2025;0820627214125000000000;SARANA MAJU BERSAMA;
915;H;;316;-;30 - BC 3.0;00003082062720250327000537;002418;28-03-2025;0820627214125000000000;SARANA MAJU BERSAMA;
916;H;;316;-;30 - BC 3.0;00003082062720250328000535;002417;28-03-2025;0820627214125000000000;SARANA MAJU BERSAMA;
917;H;;316;-;30 - BC 3.0;00003082062720250328000538;002426;28-03-2025;0820627214125000000000;SARANA MAJU BERSAMA;
918;H;;316;-;30 - BC 3.0;00003070829720250328000045;002432;28-03-2025;0708297288124000000000;PT. PUTRI MANALU BERSAUDARA;
919;H;;316;-;30 - BC 3.0;00003053320220250328000109;002431;28-03-2025;0533202974125000000000;PT. MARTAMBA TAMBA REZEKI;
920;H;;316;-;30 - BC 3.0;00003042048820250328000171;002424;28-03-2025;0420488702125000000000;SUMBER LAUT PERCUT;DIRGANTARA SUMATERA EKSPRES
921;H;;316;-;30 - BC 3.0;00003042048820250328000169;002422;28-03-2025;0420488702125000000000;SUMBER LAUT PERCUT;DIRGANTARA SUMATERA EKSPRES
922;H;;316;-;30 - BC 3.0;00003042048820250328000172;002425;28-03-2025;0420488702125000000000;SUMBER LAUT PERCUT;DIRGANTARA SUMATERA EKSPRES
923;H;;316;-;30 - BC 3.0;00003042048820250328000168;002421;28-03-2025;0420488702125000000000;SUMBER LAUT PERCUT;DIRGANTARA SUMATERA EKSPRES
924;H;;316;-;30 - BC 3.0;00003042048820250328000170;002423;28-03-2025;0420488702125000000000;SUMBER LAUT PERCUT;DIRGANTARA SUMATERA EKSPRES
925;H;;316;-;30 - BC 3.0;00003042048820250327000166;002420;28-03-2025;0420488702125000000000;SUMBER LAUT PERCUT;DIRGANTARA SUMATERA EKSPRES
926;H;;316;-;30 - BC 3.0;00003042048820250328000167;002427;28-03-2025;0420488702125000000000;SUMBER LAUT PERCUT;DIRGANTARA SUMATERA EKSPRES
927;H;;316;-;30 - BC 3.0;00003003711020250328000074;002414;28-03-2025;0037110079125000000000;PT. BERJAYA INTI REJEKI DUNIA;DIRGANTARA SUMATERA EKSPRES
928;H;;316;-;30 - BC 3.0;01010000258220250327000487;002413;28-03-2025;0013107743062000000000;PT BIROTIKA SEMESTA;PT BIROTIKA SEMESTA
929;H;;316;-;30 - BC 3.0;01010000258220250328000490;002415;28-03-2025;0013107743062000000000;PT BIROTIKA SEMESTA;PT BIROTIKA SEMESTA
930;H;;315;-;30 - BC 3.0;00003082062720250329000541;002439;29-03-2025;0820627214125000000000;SARANA MAJU BERSAMA;
931;H;;315;-;30 - BC 3.0;00003082062720250329000542;002434;29-03-2025;0820627214125000000000;SARANA MAJU BERSAMA;
932;H;;315;-;30 - BC 3.0;00003082062720250329000540;002438;29-03-2025;0820627214125000000000;SARANA MAJU BERSAMA;
933;H;;315;-;30 - BC 3.0;00003082062720250329000539;002437;29-03-2025;0820627214125000000000;SARANA MAJU BERSAMA;
934;H;;315;-;30 - BC 3.0;00003053320220250329000111;002442;29-03-2025;0533202974125000000000;PT. MARTAMBA TAMBA REZEKI;
935;H;;315;-;30 - BC 3.0;00003053320220250329000110;002441;29-03-2025;0533202974125000000000;PT. MARTAMBA TAMBA REZEKI;
936;H;;315;-;30 - BC 3.0;00003053202520250329000031;002433;29-03-2025;0532025061124000000000;CV. SENTRA MAJU UTAMA;
937;H;;315;-;30 - BC 3.0;00003042048820250329000173;002436;29-03-2025;0420488702125000000000;SUMBER LAUT PERCUT;DIRGANTARA SUMATERA EKSPRES
938;H;;315;-;30 - BC 3.0;00003003711020250329000076;002440;29-03-2025;0037110079125000000000;PT. BERJAYA INTI REJEKI DUNIA;DIRGANTARA SUMATERA EKSPRES
939;H;;315;-;30 - BC 3.0;00003003711020250328000075;002435;29-03-2025;0037110079125000000000;PT. BERJAYA INTI REJEKI DUNIA;DIRGANTARA SUMATERA EKSPRES
940;H;;314;-;30 - BC 3.0;00003092821220250330000546;002443;30-03-2025;0845961077124000000000;CV. CHEERA KING SEAFOOD;PT. LOGISTIK EKSPRESINDO UTAMA
941;H;;313;-;30 - BC 3.0;00003053320220250331000112;002445;31-03-2025;0533202974125000000000;PT. MARTAMBA TAMBA REZEKI;
942;H;;313;-;30 - BC 3.0;00003092821220250331000547;002444;31-03-2025;0023599475121001000000;PT. DHARMA WAHANA HITECHS;PT. LOGISTIK EKSPRESINDO UTAMA
943;H;;304;-;30 - BC 3.0;00003099246220250409500175;002558;09-04-2025;0992462937105000000000;CV.PUTRA TAMIANG SEAFOOD ABADI;PUTRA INDONESIA SEJAHTERA
944;H;;304;-;30 - BC 3.0;00003099246220250409500176;002560;09-04-2025;0992462937105000000000;CV.PUTRA TAMIANG SEAFOOD ABADI;PUTRA INDONESIA SEJAHTERA
945;H;;304;-;30 - BC 3.0;00003099246220250409500174;002559;09-04-2025;0992462937105000000000;CV.PUTRA TAMIANG SEAFOOD ABADI;PUTRA INDONESIA SEJAHTERA
946;H;;304;-;30 - BC 3.0;00003092821220250409000560;002561;09-04-2025;0845961077124000000000;CV. CHEERA KING SEAFOOD;PT. LOGISTIK EKSPRESINDO UTAMA
947;H;;304;-;30 - BC 3.0;00003092821220250409000559;002562;09-04-2025;0845961077124000000000;CV. CHEERA KING SEAFOOD;PT. LOGISTIK EKSPRESINDO UTAMA
948;H;;304;-;30 - BC 3.0;00003082062720250409000611;002579;09-04-2025;0820627214125000000000;SARANA MAJU BERSAMA;
949;H;;304;-;30 - BC 3.0;00003082062720250409000608;002576;09-04-2025;0820627214125000000000;SARANA MAJU BERSAMA;
950;H;;304;-;30 - BC 3.0;00003082062720250409000612;002580;09-04-2025;0820627214125000000000;SARANA MAJU BERSAMA;
951;H;;304;-;30 - BC 3.0;00003082062720250409000610;002578;09-04-2025;0820627214125000000000;SARANA MAJU BERSAMA;
952;H;;304;-;30 - BC 3.0;00003082062720250409000605;002573;09-04-2025;0820627214125000000000;SARANA MAJU BERSAMA;
953;H;;304;-;30 - BC 3.0;00003082062720250409000604;002572;09-04-2025;0820627214125000000000;SARANA MAJU BERSAMA;
954;H;;304;-;30 - BC 3.0;00003082062720250409000607;002575;09-04-2025;0820627214125000000000;SARANA MAJU BERSAMA;
955;H;;304;-;30 - BC 3.0;00003082062720250409000606;002574;09-04-2025;0820627214125000000000;SARANA MAJU BERSAMA;
956;H;;304;-;30 - BC 3.0;00003042048820250409000188;002570;09-04-2025;0420488702125000000000;SUMBER LAUT PERCUT;DIRGANTARA SUMATERA EKSPRES
957;H;;304;-;30 - BC 3.0;00003042048820250409000189;002571;09-04-2025;0420488702125000000000;SUMBER LAUT PERCUT;DIRGANTARA SUMATERA EKSPRES
958;H;;304;-;30 - BC 3.0;00003042048820250409000187;002569;09-04-2025;0420488702125000000000;SUMBER LAUT PERCUT;DIRGANTARA SUMATERA EKSPRES
959;H;;304;-;30 - BC 3.0;00003031479320250409000495;002563;09-04-2025;0314793480125000000000;SAGAMI INDONESIA;
960;H;;304;-;30 - BC 3.0;00003000745720250409500070;002582;09-04-2025;0074572938411500000000;PT. HALINDO BERJAYA MANDIRI;DIRGANTARA SUMATERA EKSPRES
961;H;;304;-;30 - BC 3.0;01010000258220250409000501;002581;09-04-2025;0032276750043000000000;PT MUTIARA LAUT ABADI;PT BIROTIKA SEMESTA
962;H;;304;-;30 - BC 3.0;00003003199720250409001105;002567;09-04-2025;0031997299063000000000;UNILEVER OLEOCHEMICAL INDONESIA;
963;H;;304;-;30 - BC 3.0;00003003199720250408001092;002557;09-04-2025;0031997299063000000000;UNILEVER OLEOCHEMICAL INDONESIA;
964;H;;304;-;30 - BC 3.0;00003001431020250409001325;002566;09-04-2025;0014310247121000000000;PT. PERMATA HIJAU PALM OLEO;
965;H;;304;-;30 - BC 3.0;00003031200620250409000016;002565;09-04-2025;0013418892128000000000;PT WAHANA GRAHA MAKMUR;F1 SOLUTIONS
966;H;;304;-;30 - BC 3.0;00003031200620250409000015;002564;09-04-2025;0013418892128000000000;PT WAHANA GRAHA MAKMUR;F1 SOLUTIONS
967;H;;304;-;30 - BC 3.0;01010000258220250409000506;002583;09-04-2025;0013107743062000000000;PT BIROTIKA SEMESTA;PT BIROTIKA SEMESTA
968;H;;304;-;30 - BC 3.0;01010000258220250409000500;002568;09-04-2025;0013107743062000000000;PT BIROTIKA SEMESTA;PT BIROTIKA SEMESTA
969;H;;297;-;30 - BC 3.0;00003082062720250416000647;002734;16-04-2025;0820627214125000000000;SARANA MAJU BERSAMA;
970;H;;297;-;30 - BC 3.0;00003082062720250416000645;002736;16-04-2025;0820627214125000000000;SARANA MAJU BERSAMA;
971;H;;297;-;30 - BC 3.0;00003082062720250416000646;002733;16-04-2025;0820627214125000000000;SARANA MAJU BERSAMA;
972;H;;297;-;30 - BC 3.0;00003082062720250416000655;002731;16-04-2025;0820627214125000000000;SARANA MAJU BERSAMA;
973;H;;297;-;30 - BC 3.0;00003082062720250416000643;002737;16-04-2025;0820627214125000000000;SARANA MAJU BERSAMA;
974;H;;297;-;30 - BC 3.0;00003082062720250416000654;002730;16-04-2025;0820627214125000000000;SARANA MAJU BERSAMA;
975;H;;297;-;30 - BC 3.0;00003082062720250416000651;002739;16-04-2025;0820627214125000000000;SARANA MAJU BERSAMA;
976;H;;297;-;30 - BC 3.0;00003082062720250416000652;002732;16-04-2025;0820627214125000000000;SARANA MAJU BERSAMA;
977;H;;297;-;30 - BC 3.0;00003082062720250416000653;002735;16-04-2025;0820627214125000000000;SARANA MAJU BERSAMA;
978;H;;297;-;30 - BC 3.0;00003070829720250416000048;002746;16-04-2025;0708297288124000000000;PT. PUTRI MANALU BERSAUDARA;
979;H;;297;-;30 - BC 3.0;00003042048820250416000204;002741;16-04-2025;0420488702125000000000;SUMBER LAUT PERCUT;DIRGANTARA SUMATERA EKSPRES
980;H;;297;-;30 - BC 3.0;00003042048820250416000206;002743;16-04-2025;0420488702125000000000;SUMBER LAUT PERCUT;DIRGANTARA SUMATERA EKSPRES
981;H;;297;-;30 - BC 3.0;01010000258220250416000529;002745;16-04-2025;0013107743062000000000;PT BIROTIKA SEMESTA;PT BIROTIKA SEMESTA
982;H;;296;-;30 - BC 3.0;00003009705420250417000061;002763;17-04-2025;1271150703730005000000;UD.JUANDA AQUATIC;PT.RAYA ABADI KENCANA
983;H;;296;-;30 - BC 3.0;00003090293320250417500066;002800;17-04-2025;0902933480112000000000;PT. ANUGERAH ALAM INDUSTRI;DIRGANTARA SUMATERA EKSPRES
984;H;;296;-;30 - BC 3.0;00003092821220250417000599;002776;17-04-2025;0845961077124000000000;CV. CHEERA KING SEAFOOD;PT. LOGISTIK EKSPRESINDO UTAMA
985;H;;296;-;30 - BC 3.0;00003082062720250417000661;002784;17-04-2025;0820627214125000000000;SARANA MAJU BERSAMA;
986;H;;296;-;30 - BC 3.0;00003082062720250417000659;002785;17-04-2025;0820627214125000000000;SARANA MAJU BERSAMA;
987;H;;296;-;30 - BC 3.0;00003082062720250417000673;002802;17-04-2025;0820627214125000000000;SARANA MAJU BERSAMA;
988;H;;296;-;30 - BC 3.0;00003082062720250417000668;002757;17-04-2025;0820627214125000000000;SARANA MAJU BERSAMA;
989;H;;296;-;30 - BC 3.0;00003082062720250417000656;002787;17-04-2025;0820627214125000000000;SARANA MAJU BERSAMA;
990;H;;296;-;30 - BC 3.0;00003082062720250417000664;002779;17-04-2025;0820627214125000000000;SARANA MAJU BERSAMA;
991;H;;296;-;30 - BC 3.0;00003082062720250417000667;002782;17-04-2025;0820627214125000000000;SARANA MAJU BERSAMA;
992;H;;296;-;30 - BC 3.0;00003082062720250417000658;002789;17-04-2025;0820627214125000000000;SARANA MAJU BERSAMA;
993;H;;296;-;30 - BC 3.0;00003082062720250417000672;002803;17-04-2025;0820627214125000000000;SARANA MAJU BERSAMA;
994;H;;296;-;30 - BC 3.0;00003071930120250415999797;002756;17-04-2025;0719301491122000000000;PT. AMICO ERA BUMIINDO;PT. MONANG SIANIPAR ABADI
995;H;;296;-;30 - BC 3.0;00003070811020250417000029;002759;17-04-2025;0708110432125000000000;ORI GINALNEST INDONESIA;
996;H;;296;-;30 - BC 3.0;00003053320220250417000123;002769;17-04-2025;0533202974125000000000;PT. MARTAMBA TAMBA REZEKI;
997;H;;296;-;30 - BC 3.0;00003053320220250417000122;002766;17-04-2025;0533202974125000000000;PT. MARTAMBA TAMBA REZEKI;
998;H;;296;-;30 - BC 3.0;00003053202520250417000040;002762;17-04-2025;0532025061124000000000;SENTRA MAJU UTAMA;
999;H;;296;-;30 - BC 3.0;00003053202520250417000038;002753;17-04-2025;0532025061124000000000;SENTRA MAJU UTAMA;
1000;H;;296;-;30 - BC 3.0;00003053202520250417000039;002752;17-04-2025;0532025061124000000000;SENTRA MAJU UTAMA;
1001;H;;296;-;30 - BC 3.0;00003042048820250417000207;002791;17-04-2025;0420488702125000000000;SUMBER LAUT PERCUT;DIRGANTARA SUMATERA EKSPRES
1002;H;;296;-;30 - BC 3.0;00003042048820250417000212;002795;17-04-2025;0420488702125000000000;SUMBER LAUT PERCUT;DIRGANTARA SUMATERA EKSPRES
1003;H;;296;-;30 - BC 3.0;00003042048820250417000213;002806;17-04-2025;0420488702125000000000;SUMBER LAUT PERCUT;DIRGANTARA SUMATERA EKSPRES
1004;H;;296;-;30 - BC 3.0;00003042048820250417000211;002808;17-04-2025;0420488702125000000000;SUMBER LAUT PERCUT;DIRGANTARA SUMATERA EKSPRES
1005;H;;296;-;30 - BC 3.0;00003042048820250417000210;002794;17-04-2025;0420488702125000000000;SUMBER LAUT PERCUT;DIRGANTARA SUMATERA EKSPRES
1006;H;;296;-;30 - BC 3.0;00003000745720250417500072;002809;17-04-2025;0074572938411500000000;PT. HALINDO BERJAYA MANDIRI;DIRGANTARA SUMATERA EKSPRES
1007;H;;296;-;30 - BC 3.0;00003003199720250417001212;002771;17-04-2025;0031997299063000000000;UNILEVER OLEOCHEMICAL INDONESIA;
1008;H;;296;-;30 - BC 3.0;00003003199720250417001218;002767;17-04-2025;0031997299063000000000;UNILEVER OLEOCHEMICAL INDONESIA;
1009;H;;296;-;30 - BC 3.0;00003003199720250417001211;002773;17-04-2025;0031997299063000000000;UNILEVER OLEOCHEMICAL INDONESIA;
1010;H;;296;-;30 - BC 3.0;00003092821220250416000596;002750;17-04-2025;0013451828058000000000;PT. TAMORA STEKINDO;PT. LOGISTIK EKSPRESINDO UTAMA
1011;H;;296;-;30 - BC 3.0;00003092821220250416000595;002747;17-04-2025;0013451828058000000000;PT. TAMORA STEKINDO;PT. LOGISTIK EKSPRESINDO UTAMA
1012;H;;296;-;30 - BC 3.0;01010000258220250417000530;002798;17-04-2025;0011000163092000000000;PT MUSIM MAS;PT BIROTIKA SEMESTA
1013;H;;295;-;30 - BC 3.0;00003053320220250418000124;002811;18-04-2025;0533202974125000000000;PT. MARTAMBA TAMBA REZEKI;
1014;H;;294;-;30 - BC 3.0;00003099246220250419500195;002815;19-04-2025;0992462937105000000000;CV.PUTRA TAMIANG SEAFOOD ABADI;PT. PUTRA INDONESIA SEJAHTERA
1015;H;;294;-;30 - BC 3.0;00003092821220250419000607;002820;19-04-2025;0845961077124000000000;CV. CHEERA KING SEAFOOD;PT. LOGISTIK EKSPRESINDO UTAMA
1016;H;;294;-;30 - BC 3.0;00003092821220250419000606;002819;19-04-2025;0845961077124000000000;CV. CHEERA KING SEAFOOD ;PT. LOGISTIK EKSPRESINDO UTAMA
1017;H;;294;-;30 - BC 3.0;00003092821220250419000609;002822;19-04-2025;0845961077124000000000;CV. CHEERA KING SEAFOOD;PT. LOGISTIK EKSPRESINDO UTAMA
1018;H;;294;-;30 - BC 3.0;00003003711020250419000082;002817;19-04-2025;0037110079125000000000;PT. BERJAYA INTI REJEKI DUNIA;DIRGANTARA SUMATERA EKSPRES
1019;H;;292;-;30 - BC 3.0;00003092821220250421000613;002831;21-04-2025;1271193011650001000000;UD. HALIM JAYA;PT. LOGISTIK EKSPRESINDO UTAMA
1020;H;;292;-;30 - BC 3.0;00003092821220250421000611;002830;21-04-2025;0845961077124000000000;CV. CHEERA KING SEAFOOD;PT. LOGISTIK EKSPRESINDO UTAMA
1021;H;;292;-;30 - BC 3.0;00003092821220250421000612;002841;21-04-2025;0845961077124000000000;CV. CHEERA KING SEAFOOD;PT. LOGISTIK EKSPRESINDO UTAMA
1022;H;;292;-;30 - BC 3.0;00003092821220250421000614;002839;21-04-2025;0845961077124000000000;CV. CHEERA KING SEAFOOD;PT. LOGISTIK EKSPRESINDO UTAMA
1023;H;;292;-;30 - BC 3.0;00003082062720250421000687;002854;21-04-2025;0820627214125000000000;SARANA MAJU BERSAMA;
1024;H;;292;-;30 - BC 3.0;00003082062720250421000683;002826;21-04-2025;0820627214125000000000;SARANA MAJU BERSAMA;
1025;H;;292;-;30 - BC 3.0;00003082062720250421000682;002848;21-04-2025;0820627214125000000000;SARANA MAJU BERSAMA;
1026;H;;292;-;30 - BC 3.0;00003082062720250421000681;002845;21-04-2025;0820627214125000000000;SARANA MAJU BERSAMA;
1027;H;;292;-;30 - BC 3.0;00003082062720250421000676;002843;21-04-2025;0820627214125000000000;SARANA MAJU BERSAMA;
1028;H;;292;-;30 - BC 3.0;00003080457520250421500196;002834;21-04-2025;0804575694124000000000;JASA LAUT;PUTRA INDONESIA SEJAHTERA
1029;H;;292;-;30 - BC 3.0;00003053320220250421000126;002828;21-04-2025;0533202974125000000000;PT. MARTAMBA TAMBA REZEKI;
1030;H;;292;-;30 - BC 3.0;00003053320220250421000127;002837;21-04-2025;0533202974125000000000;PT. MARTAMBA TAMBA REZEKI;
1031;H;;292;-;30 - BC 3.0;00003042048820250421000216;002851;21-04-2025;0420488702125000000000;SUMBER LAUT PERCUT;DIRGANTARA SUMATERA EKSPRES
1032;H;;292;-;30 - BC 3.0;00003042048820250421000214;002849;21-04-2025;0420488702125000000000;SUMBER LAUT PERCUT;DIRGANTARA SUMATERA EKSPRES
1033;H;;292;-;30 - BC 3.0;00003021082620250417500190;002824;21-04-2025;0210826228122000000000;CV. SUMARTA;PT. PUTRA INDONESIA SEJAHTERA
1034;H;;292;-;30 - BC 3.0;01010000258220250421000538;002856;21-04-2025;0013107743062000000000;PT BIROTIKA SEMESTA;PT BIROTIKA SEMESTA
1035;H;;291;-;30 - BC 3.0;00003009705420250422000063;002863;22-04-2025;1271150703730005000000;UD.JUANDA AQUATIC;PT.RAYA ABADI KENCANA
1036;H;;291;-;30 - BC 3.0;00003042235620250422500199;002865;22-04-2025;0422356162121000000000;ALAM BIRU INDONUSA;PUTRA INDONESIA SEJAHTERA
1037;H;;291;-;30 - BC 3.0;00003031479320250421000509;002859;22-04-2025;0314793480125000000000;SAGAMI INDONESIA;
1038;H;;291;-;30 - BC 3.0;00003001718920250422000114;002858;22-04-2025;0017189184125000000000;TOBA SURIMI INDUSTRIES;
1039;H;;291;-;30 - BC 3.0;00003001431020250422001536;002862;22-04-2025;0014310247121000000000;PT. PERMATA HIJAU PALM OLEO;
1040;H;;291;-;30 - BC 3.0;01010000258220250422000539;002868;22-04-2025;0013107743062000000000;PT BIROTIKA SEMESTA;PT BIROTIKA SEMESTA
1041;H;;291;-;30 - BC 3.0;01010000258220250422000543;002869;22-04-2025;0013107743062000000000;PT BIROTIKA SEMESTA;PT BIROTIKA SEMESTA
1042;H;;290;-;30 - BC 3.0;00003099246220250423500200;002881;23-04-2025;0992462937105000000000;CV.PUTRA TAMIANG SEAFOOD ABADI;PUTRA INDONESIA SEJAHTERA
1043;H;;290;-;30 - BC 3.0;00003092821220250423000618;002875;23-04-2025;0845961077124000000000;CV. CHEERA KING SEAFOOD;PT. LOGISTIK EKSPRESINDO UTAMA
1044;H;;290;-;30 - BC 3.0;00003080755920250422000514;002894;23-04-2025;0807559554125000000000;PT. MEGA RATU WALET;DIRGANTARA SUMATERA EKSPRES
1045;H;;290;-;30 - BC 3.0;00003073303820250423000011;002877;23-04-2025;0733038343113000000000;CV PUTRA TELLO MANDIRI;PT.RAYA ABADI KENCANA
1046;H;;290;-;30 - BC 3.0;00003070829720250423500201;002882;23-04-2025;0708297288124000000000;PT. PUTRI MANALU BERSAUDARA;PUTRA INDONESIA SEJAHTERA
1047;H;;290;-;30 - BC 3.0;00003053320220250423000128;002879;23-04-2025;0533202974125000000000;PT. MARTAMBA TAMBA REZEKI;
1048;H;;290;-;30 - BC 3.0;00003042048820250423000221;002890;23-04-2025;0420488702125000000000;SUMBER LAUT PERCUT;DIRGANTARA SUMATERA EKSPRES
1049;H;;290;-;30 - BC 3.0;00003042048820250423000218;002884;23-04-2025;0420488702125000000000;SUMBER LAUT PERCUT;DIRGANTARA SUMATERA EKSPRES
1050;H;;290;-;30 - BC 3.0;00003042048820250423000220;002886;23-04-2025;0420488702125000000000;SUMBER LAUT PERCUT;DIRGANTARA SUMATERA EKSPRES
1051;H;;290;-;30 - BC 3.0;00003031479320250423000512;002873;23-04-2025;0314793480125000000000;SAGAMI INDONESIA;
1052;H;;290;-;30 - BC 3.0;01010000258220250423000544;002889;23-04-2025;0013107743062000000000;PT BIROTIKA SEMESTA;PT BIROTIKA SEMESTA
1053;H;;290;-;30 - BC 3.0;00003001225220250423000053;002870;23-04-2025;0012252029123000000000;MEDAN TROPICAL CANNING&FROZENINDUSTRIES;
1054;H;;289;-;30 - BC 3.0;00003099246220250424500202;002906;24-04-2025;0992462937105000000000;CV.PUTRA TAMIANG SEAFOOD ABADI;PUTRA INDONESIA SEJAHTERA
1055;H;;289;-;30 - BC 3.0;00003084834820250422000695;002901;24-04-2025;0848348967125000000000;PT. ANUGERAH WALET JAYA;
1056;H;;289;-;30 - BC 3.0;00003082062720250424000712;002908;24-04-2025;0820627214125000000000;SARANA MAJU BERSAMA;
1057;H;;289;-;30 - BC 3.0;00003082062720250424000703;002918;24-04-2025;0820627214125000000000;SARANA MAJU BERSAMA;
1058;H;;289;-;30 - BC 3.0;00003082062720250424000708;002923;24-04-2025;0820627214125000000000;SARANA MAJU BERSAMA;
1059;H;;289;-;30 - BC 3.0;00003082062720250424000702;002917;24-04-2025;0820627214125000000000;SARANA MAJU BERSAMA;
1060;H;;289;-;30 - BC 3.0;00003082062720250424000710;002925;24-04-2025;0820627214125000000000;SARANA MAJU BERSAMA;
1061;H;;289;-;30 - BC 3.0;00003082062720250424000706;002921;24-04-2025;0820627214125000000000;SARANA MAJU BERSAMA;
1062;H;;289;-;30 - BC 3.0;00003080755920250422000515;002904;24-04-2025;0807559554125000000000;PT. MEGA RATU WALET;DIRGANTARA SUMATERA EKSPRES
1063;H;;289;-;30 - BC 3.0;00003070811020250424000032;002914;24-04-2025;0708110432125000000000;ORI GINALNEST INDONESIA;
1064;H;;289;-;30 - BC 3.0;00003053202520250424000042;002913;24-04-2025;0532025061124000000000;SENTRA MAJU UTAMA;
1065;H;;289;-;30 - BC 3.0;00003031479320250424000546;002926;24-04-2025;0314793480125000000000;SAGAMI INDONESIA;
1066;H;;289;-;30 - BC 3.0;00003003711020250424000084;002903;24-04-2025;0037110079125000000000;PT. BERJAYA INTI REJEKI DUNIA;DIRGANTARA SUMATERA EKSPRES
1067;H;;289;-;30 - BC 3.0;00003092821220250423000625;002898;24-04-2025;0013451828058000000000;PT. TAMORA STEKINDO;PT. LOGISTIK EKSPRESINDO UTAMA
1068;H;;289;-;30 - BC 3.0;00003092821220250423000623;002896;24-04-2025;0013451828058000000000;PT. TAMORA STEKINDO;PT. LOGISTIK EKSPRESINDO UTAMA
1069;H;;289;-;30 - BC 3.0;00003001100020250424904303;002928;24-04-2025;0011000163092000000000;MUSIM MAS;
1070;H;;289;-;30 - BC 3.0;00003001100020250424904292;002910;24-04-2025;0011000163092000000000;MUSIM MAS;
1071;H;;288;-;30 - BC 3.0;00003099246220250425500209;002946;25-04-2025;0992462937105000000000;CV.PUTRA TAMIANG SEAFOOD ABADI;PUTRA INDONESIA SEJAHTERA
1072;H;;288;-;30 - BC 3.0;00003090293320250425500068;002963;25-04-2025;0902933480112000000000;PT. ANUGERAH ALAM INDUSTRI;DIRGANTARA SUMATERA EKSPRES
1073;H;;288;-;30 - BC 3.0;00003082062720250425000713;002950;25-04-2025;0820627214125000000000;SARANA MAJU BERSAMA;
1074;H;;288;-;30 - BC 3.0;00003082062720250424000698;002930;25-04-2025;0820627214125000000000;SARANA MAJU BERSAMA;
1075;H;;288;-;30 - BC 3.0;00003082062720250425000721;002954;25-04-2025;0820627214125000000000;SARANA MAJU BERSAMA;
1076;H;;288;-;30 - BC 3.0;00003082062720250425000715;002939;25-04-2025;0820627214125000000000;SARANA MAJU BERSAMA;
1077;H;;288;-;30 - BC 3.0;00003082062720250425000720;002953;25-04-2025;0820627214125000000000;SARANA MAJU BERSAMA;
1078;H;;288;-;30 - BC 3.0;00003082062720250425000719;002949;25-04-2025;0820627214125000000000;SARANA MAJU BERSAMA;
1079;H;;288;-;30 - BC 3.0;00003070829720250425500207;002943;25-04-2025;0708297288124000000000;PT. PUTRI MANALU BERSAUDARA;PUTRA INDONESIA SEJAHTERA
1080;H;;288;-;30 - BC 3.0;00003070829720250425500205;002944;25-04-2025;0708297288124000000000;PT. PUTRI MANALU BERSAUDARA;PUTRA INDONESIA SEJAHTERA
1081;H;;288;-;30 - BC 3.0;00003053202520250425000043;002936;25-04-2025;0532025061124000000000;SENTRA MAJU UTAMA;
1082;H;;288;-;30 - BC 3.0;00003042048820250425000224;002956;25-04-2025;0420488702125000000000;SUMBER LAUT PERCUT;DIRGANTARA SUMATERA EKSPRES
1083;H;;288;-;30 - BC 3.0;00003042048820250424000223;002935;25-04-2025;0420488702125000000000;SUMBER LAUT PERCUT;DIRGANTARA SUMATERA EKSPRES
1084;H;;288;-;30 - BC 3.0;00003000745720250423500074;002932;25-04-2025;0074572938411500000000;PT. HALINDO BERJAYA MANDIRI;DIRGANTARA SUMATERA EKSPRES
1085;H;;288;-;30 - BC 3.0;00003003199720250425001310;002941;25-04-2025;0031997299063000000000;UNILEVER OLEOCHEMICAL INDONESIA;
1086;H;;288;-;30 - BC 3.0;00003001431020250425001589;002960;25-04-2025;0014310247121000000000;PT. PERMATA HIJAU PALM OLEO;
1087;H;;288;-;30 - BC 3.0;01010000258220250425000554;002965;25-04-2025;0013107743062000000000;PT BIROTIKA SEMESTA;PT BIROTIKA SEMESTA
1088;H;;287;-;30 - BC 3.0;00003099246220250425500210;002967;26-04-2025;0992462937105000000000;CV.PUTRA TAMIANG SEAFOOD ABADI;PUTRA INDONESIA SEJAHTERA
1089;H;;287;-;30 - BC 3.0;00003092821220250426000639;002974;26-04-2025;0845961077124000000000;CV. CHEERA KING SEAFOOD;PT. LOGISTIK EKSPRESINDO UTAMA
1090;H;;287;-;30 - BC 3.0;00003070829720250426000054;002969;26-04-2025;0708297288124000000000;PT. PUTRI MANALU BERSAUDARA;
1091;H;;287;-;30 - BC 3.0;00003042048820250426000226;002973;26-04-2025;0420488702125000000000;SUMBER LAUT PERCUT;DIRGANTARA SUMATERA EKSPRES
1092;H;;287;-;30 - BC 3.0;00003042048820250426000225;002971;26-04-2025;0420488702125000000000;SUMBER LAUT PERCUT;DIRGANTARA SUMATERA EKSPRES
1093;H;;287;-;30 - BC 3.0;00003092821220250426000649;002977;26-04-2025;0206506354113000000000;CV. MAKMUR AGRO SUKSES;PT. LOGISTIK EKSPRESINDO UTAMA
1094;H;;286;-;30 - BC 3.0;00003053320220250427000131;002979;27-04-2025;0533202974125000000000;PT. MARTAMBA TAMBA REZEKI;
1095;H;;285;-;30 - BC 3.0;00003092821220250428000655;002986;28-04-2025;1271193011650001000000;UD. HALIM JAYA;PT. LOGISTIK EKSPRESINDO UTAMA
1096;H;;285;-;30 - BC 3.0;00003080457520250428500211;002984;28-04-2025;0804575694124000000000;JASA LAUT;PUTRA INDONESIA SEJAHTERA
1097;H;;285;-;30 - BC 3.0;00003053320220250428000133;002993;28-04-2025;0533202974125000000000;PT. MARTAMBA TAMBA REZEKI;
1098;H;;285;-;30 - BC 3.0;00003021082620250425500204;002983;28-04-2025;0210826228122000000000;SUMARTA;PUTRA INDONESIA SEJAHTERA
1099;H;;285;-;30 - BC 3.0;00003001363120250425999835;002996;28-04-2025;0018689992058000000000;PT. INDO CAFCO;PT. MONANG SIANIPAR ABADI
1100;H;;285;-;30 - BC 3.0;01010000258220250428000561;002989;28-04-2025;0015163751123000000000;PT. GROWTH ASIA;PT BIROTIKA SEMESTA
1101;H;;285;-;30 - BC 3.0;01010000258220250428000564;002995;28-04-2025;0013107743062000000000;PT BIROTIKA SEMESTA;PT BIROTIKA SEMESTA
1102;H;;284;-;30 - BC 3.0;00003092821220250428000654;003011;29-04-2025;0845961077124000000000;CV. CHEERA KING SEAFOOD;PT. LOGISTIK EKSPRESINDO UTAMA
1103;H;;284;-;30 - BC 3.0;00003092821220250428000660;003013;29-04-2025;0845961077124000000000;CV. CHEERA KING SEAFOOD;PT. LOGISTIK EKSPRESINDO UTAMA
1104;H;;284;-;30 - BC 3.0;00003082062720250429000756;003030;29-04-2025;0820627214125000000000;SARANA MAJU BERSAMA;
1105;H;;284;-;30 - BC 3.0;00003082062720250429000728;003005;29-04-2025;0820627214125000000000;SARANA MAJU BERSAMA;
1106;H;;284;-;30 - BC 3.0;00003082062720250429000747;003020;29-04-2025;0820627214125000000000;SARANA MAJU BERSAMA;
1107;H;;284;-;30 - BC 3.0;00003082062720250429000753;003026;29-04-2025;0820627214125000000000;SARANA MAJU BERSAMA;
1108;H;;284;-;30 - BC 3.0;00003082062720250428000722;003004;29-04-2025;0820627214125000000000;SARANA MAJU BERSAMA;
1109;H;;284;-;30 - BC 3.0;00003082062720250429000758;003035;29-04-2025;0820627214125000000000;SARANA MAJU BERSAMA;
1110;H;;284;-;30 - BC 3.0;00003082062720250429000751;003024;29-04-2025;0820627214125000000000;SARANA MAJU BERSAMA;
1111;H;;284;-;30 - BC 3.0;00003082062720250429000754;003027;29-04-2025;0820627214125000000000;SARANA MAJU BERSAMA;
1112;H;;284;-;30 - BC 3.0;00003082062720250429000749;003022;29-04-2025;0820627214125000000000;SARANA MAJU BERSAMA;
1113;H;;284;-;30 - BC 3.0;00003082062720250429000726;002999;29-04-2025;0820627214125000000000;SARANA MAJU BERSAMA;
1114;H;;284;-;30 - BC 3.0;00003082062720250429000727;003001;29-04-2025;0820627214125000000000;SARANA MAJU BERSAMA;
1115;H;;284;-;30 - BC 3.0;00003042048820250429000228;002998;29-04-2025;0420488702125000000000;SUMBER LAUT PERCUT;DIRGANTARA SUMATERA EKSPRES
1116;H;;284;-;30 - BC 3.0;00003042048820250429000241;003034;29-04-2025;0420488702125000000000;SUMBER LAUT PERCUT;DIRGANTARA SUMATERA EKSPRES
1117;H;;284;-;30 - BC 3.0;00003042048820250429000238;003031;29-04-2025;0420488702125000000000;SUMBER LAUT PERCUT;DIRGANTARA SUMATERA EKSPRES
1118;H;;284;-;30 - BC 3.0;00003003199720250429001369;003009;29-04-2025;0031997299063000000000;UNILEVER OLEOCHEMICAL INDONESIA;
1119;H;;284;-;30 - BC 3.0;00003003199720250429001370;003018;29-04-2025;0031997299063000000000;UNILEVER OLEOCHEMICAL INDONESIA;
1120;H;;284;-;30 - BC 3.0;00003092821220250428000656;003015;29-04-2025;0013451828058000000000;PT. TAMORA STEKINDO;PT. LOGISTIK EKSPRESINDO UTAMA
1121;H;;284;-;30 - BC 3.0;01010000258220250426000555;003008;29-04-2025;0011326535533000000000;PT DJASA DJASA;PT BIROTIKA SEMESTA
1122;H;;283;-;30 - BC 3.0;00003082062720250429000746;003070;30-04-2025;0820627214125000000000;SARANA MAJU BERSAMA;
1123;H;;283;-;30 - BC 3.0;00003082062720250430000772;003081;30-04-2025;0820627214125000000000;SARANA MAJU BERSAMA;
1124;H;;283;-;30 - BC 3.0;00003082062720250430000767;003054;30-04-2025;0820627214125000000000;SARANA MAJU BERSAMA;
1125;H;;283;-;30 - BC 3.0;00003082062720250429000737;003069;30-04-2025;0820627214125000000000;SARANA MAJU BERSAMA;
1126;H;;283;-;30 - BC 3.0;00003082062720250429000735;003067;30-04-2025;0820627214125000000000;SARANA MAJU BERSAMA;
1127;H;;283;-;30 - BC 3.0;00003082062720250430000762;003046;30-04-2025;0820627214125000000000;SARANA MAJU BERSAMA;
1128;H;;283;-;30 - BC 3.0;00003082062720250430000766;003052;30-04-2025;0820627214125000000000;SARANA MAJU BERSAMA;
1129;H;;283;-;30 - BC 3.0;00003082062720250429000745;003064;30-04-2025;0820627214125000000000;SARANA MAJU BERSAMA;
1130;H;;283;-;30 - BC 3.0;00003082062720250430000768;003051;30-04-2025;0820627214125000000000;SARANA MAJU BERSAMA;
1131;H;;283;-;30 - BC 3.0;00003092821220250429000661;003076;30-04-2025;0800480121111000000000;PT. CEFA INDONESIA SEJAHTERA LESTARI;PT. LOGISTIK EKSPRESINDO UTAMA
1132;H;;283;-;30 - BC 3.0;00003070829720250430000057;003083;30-04-2025;0708297288124000000000;PT. PUTRI MANALU BERSAUDARA;
1133;H;;283;-;30 - BC 3.0;00003053320220250430000136;003059;30-04-2025;0533202974125000000000;PT. MARTAMBA TAMBA REZEKI;
1134;H;;283;-;30 - BC 3.0;00003042048820250429000232;003056;30-04-2025;0420488702125000000000;SUMBER LAUT PERCUT;DIRGANTARA SUMATERA EKSPRES
1135;H;;283;-;30 - BC 3.0;00003042048820250429000235;003062;30-04-2025;0420488702125000000000;SUMBER LAUT PERCUT;DIRGANTARA SUMATERA EKSPRES
1136;H;;283;-;30 - BC 3.0;00003042048820250429000237;003060;30-04-2025;0420488702125000000000;SUMBER LAUT PERCUT;DIRGANTARA SUMATERA EKSPRES
1137;H;;283;-;30 - BC 3.0;00003092821220250430000669;003074;30-04-2025;0021803044112000000000;CV. HANSELIA;PT. LOGISTIK EKSPRESINDO UTAMA
1138;H;;283;-;30 - BC 3.0;01010000258220250429000566;003048;30-04-2025;0015168784123000000000;PT. SAMAWOOD UTAMA WORKS INDUSTRIES;PT BIROTIKA SEMESTA
1139;H;;283;-;30 - BC 3.0;00003001431020250430001654;003043;30-04-2025;0014310247121000000000;PT. PERMATA HIJAU PALM OLEO;
1140;H;;283;-;30 - BC 3.0;00003001431020250430001655;003044;30-04-2025;0014310247121000000000;PT. PERMATA HIJAU PALM OLEO;
1141;H;;283;-;30 - BC 3.0;00003092821220250429000663;003039;30-04-2025;0013451828058000000000;PT. TAMORA STEKINDO;PT. LOGISTIK EKSPRESINDO UTAMA
1142;H;;283;-;30 - BC 3.0;01010000258220250430000570;003073;30-04-2025;0013107743062000000000;PT BIROTIKA SEMESTA;PT BIROTIKA SEMESTA
1143;H;;283;-;30 - BC 3.0;01010000258220250430000574;003084;30-04-2025;0013107743062000000000;PT BIROTIKA SEMESTA;PT BIROTIKA SEMESTA
1144;H;;283;-;30 - BC 3.0;00003001270820250430001675;003040;30-04-2025;0012708756092000000000;MULTIMAS NABATI ASAHAN;
1145;H;;129;-;30 - BC 3.0;00003053320220251001000366;006432;01-10-2025;0533202974125000000000;PT. MARTAMBA TAMBA REZEKI;
1146;H;;129;-;30 - BC 3.0;00003031479320251001100022;006416;01-10-2025;0314793480125000000000;SAGAMI INDONESIA;
1147;H;;129;-;30 - BC 3.0;30101F8C024B20250930000136;006415;01-10-2025;0286789870125000000000;SUMBER LAUT PERCUT;DIRGANTARA SUMATERA EKSPRES
1148;H;;129;-;30 - BC 3.0;30101E73143E20250930000850;006397;01-10-2025;0266546738125000000000;SARANAKITA MAJU BERSAMA;
1149;H;;129;-;30 - BC 3.0;30101E73143E20250930000852;006422;01-10-2025;0266546738125000000000;SARANAKITA MAJU BERSAMA;
1150;H;;129;-;30 - BC 3.0;30101E73143E20250930000843;006395;01-10-2025;0266546738125000000000;SARANAKITA MAJU BERSAMA;
1151;H;;129;-;30 - BC 3.0;30101E73143E20250929000838;006405;01-10-2025;0266546738125000000000;SARANAKITA MAJU BERSAMA;
1152;H;;129;-;30 - BC 3.0;30101E73143E20250930000851;006421;01-10-2025;0266546738125000000000;SARANAKITA MAJU BERSAMA;
1153;H;;129;-;30 - BC 3.0;30101E73143E20250929000835;006406;01-10-2025;0266546738125000000000;SARANAKITA MAJU BERSAMA;
1154;H;;129;-;30 - BC 3.0;30101E73143E20251001000864;006419;01-10-2025;0266546738125000000000;SARANAKITA MAJU BERSAMA;
1155;H;;129;-;30 - BC 3.0;01010000258220251001001088;006413;01-10-2025;0013107743062000000000;PT BIROTIKA SEMESTA;PT BIROTIKA SEMESTA
1156;H;;127;-;30 - BC 3.0;301013635C9B20251003000623;006485;03-10-2025;1000000002658787000000;SUNGAI ALAM SUMATERA;
1157;H;;127;-;30 - BC 3.0;00003092821220251003001185;006492;03-10-2025;0845961077124000000000;CV. CHEERA KING SEAFOOD;PT. LOGISTIK EKSPRESINDO UTAMA
1158;H;;127;-;30 - BC 3.0;00003070829720251003000175;006488;03-10-2025;0708297288124000000000;PT. PUTRI MANALU BERSAUDARA;
1159;H;;127;-;30 - BC 3.0;00003070811020251003000086;006476;03-10-2025;0708110432125000000000;ORI GINALNEST INDONESIA;
1160;H;;127;-;30 - BC 3.0;30101F8C024B20251002000138;006477;03-10-2025;0286789870125000000000;SUMBER LAUT PERCUT;DIRGANTARA SUMATERA EKSPRES
1161;H;;127;-;30 - BC 3.0;30101F8C024B20251003000140;006479;03-10-2025;0286789870125000000000;SUMBER LAUT PERCUT;DIRGANTARA SUMATERA EKSPRES
1162;H;;127;-;30 - BC 3.0;30101E73143E20251002000882;006480;03-10-2025;0266546738125000000000;SARANAKITA MAJU BERSAMA;
1163;H;;127;-;30 - BC 3.0;00003026654620251003000895;006493;03-10-2025;0266546738125000000000;SARANAKITA MAJU BERSAMA;
1164;H;;127;-;30 - BC 3.0;30101E73143E20251002000887;006483;03-10-2025;0266546738125000000000;SARANAKITA MAJU BERSAMA;
1165;H;;127;-;30 - BC 3.0;30101E73143E20251003000894;006486;03-10-2025;0266546738125000000000;SARANAKITA MAJU BERSAMA;
1166;H;;127;-;30 - BC 3.0;00003026654620251003000882;006489;03-10-2025;0266546738125000000000;SARANAKITA MAJU BERSAMA;
1167;H;;127;-;30 - BC 3.0;30101E73143E20251002000884;006481;03-10-2025;0266546738125000000000;SARANAKITA MAJU BERSAMA;
1168;H;;127;-;30 - BC 3.0;30101E73143E20251003000893;006484;03-10-2025;0266546738125000000000;SARANAKITA MAJU BERSAMA;
1169;H;;127;-;30 - BC 3.0;30101E73143E20251002000885;006482;03-10-2025;0266546738125000000000;SARANAKITA MAJU BERSAMA;
1170;H;;127;-;30 - BC 3.0;01010000258220251002001092;006475;03-10-2025;0032741290011000000000;PT APPLE INDONESIA;PT BIROTIKA SEMESTA
1171;H;;126;-;30 - BC 3.0;30101E73143E20251003000896;006501;04-10-2025;0266546738125000000000;SARANAKITA MAJU BERSAMA;
1172;H;;126;-;30 - BC 3.0;30101E73143E20251003000892;006508;04-10-2025;0266546738125000000000;SARANAKITA MAJU BERSAMA;
1173;H;;126;-;30 - BC 3.0;30101E73143E20251003000906;006510;04-10-2025;0266546738125000000000;SARANAKITA MAJU BERSAMA;
1174;H;;126;-;30 - BC 3.0;30101E73143E20251004000910;006498;04-10-2025;0266546738125000000000;SARANAKITA MAJU BERSAMA;
1175;H;;126;-;30 - BC 3.0;30101E73143E20251002000883;006502;04-10-2025;0266546738125000000000;SARANAKITA MAJU BERSAMA;
1176;H;;126;-;30 - BC 3.0;30101E73143E20251004000907;006504;04-10-2025;0266546738125000000000;SARANAKITA MAJU BERSAMA;
1177;H;;126;-;30 - BC 3.0;01010000258220251004001098;006512;04-10-2025;0018021725054000000000;PT ERAJAYA SWASEMBADA TBK;PT BIROTIKA SEMESTA
1178;H;;126;-;30 - BC 3.0;01010000258220251004001100;006514;04-10-2025;0018021725054000000000;PT ERAJAYA SWASEMBADA TBK;PT BIROTIKA SEMESTA
1179;H;;126;-;30 - BC 3.0;00003001431020251003004105;006496;04-10-2025;0014310247121000000000;PT. PERMATA HIJAU PALM OLEO;
1180;H;;126;-;30 - BC 3.0;00003092821220251003001184;006506;04-10-2025;0013451828058000000000;PT. TAMORA STEKINDO;PT. LOGISTIK EKSPRESINDO UTAMA
1181;H;;124;-;30 - BC 3.0;00003070829720251006000176;006524;06-10-2025;0708297288124000000000;PT. PUTRI MANALU BERSAUDARA;
1182;H;;124;-;30 - BC 3.0;00003070829720251006000177;006525;06-10-2025;0708297288124000000000;PT. PUTRI MANALU BERSAUDARA;
1183;H;;124;-;30 - BC 3.0;00003003711020251006000158;006536;06-10-2025;0286789870125000000000;SUMBER LAUT PERCUT;DIRGANTARA SUMATERA EKSPRES
1184;H;;124;-;30 - BC 3.0;30101F8C024B20251004000143;006523;06-10-2025;0286789870125000000000;SUMBER LAUT PERCUT;DIRGANTARA SUMATERA EKSPRES
1185;H;;124;-;30 - BC 3.0;30101E73143E20251003000898;006521;06-10-2025;0266546738125000000000;SARANAKITA MAJU BERSAMA;
1186;H;;124;-;30 - BC 3.0;30101E73143E20251006000918;006519;06-10-2025;0266546738125000000000;SARANAKITA MAJU BERSAMA;
1187;H;;124;-;30 - BC 3.0;30101E73143E20251006000919;006517;06-10-2025;0266546738125000000000;SARANAKITA MAJU BERSAMA;
1188;H;;124;-;30 - BC 3.0;00003026654620251006000921;006537;06-10-2025;0266546738125000000000;SARANAKITA MAJU BERSAMA;
1189;H;;124;-;30 - BC 3.0;00003001431020251006004137;006532;06-10-2025;0014310247121000000000;PT. PERMATA HIJAU PALM OLEO;
1190;H;;124;-;30 - BC 3.0;00003001431020251006004136;006528;06-10-2025;0014310247121000000000;PT. PERMATA HIJAU PALM OLEO;
1191;H;;124;-;30 - BC 3.0;00003001270820251006004309;006529;06-10-2025;0012708756092000000000;MULTIMAS NABATI ASAHAN;
1192;H;;124;-;30 - BC 3.0;00003001100020251006911042;006535;06-10-2025;0011000163092000000000;MUSIM MAS;
1193;H;;123;-;30 - BC 3.0;00003070829720251006000179;006552;07-10-2025;0708297288124000000000;PT. PUTRI MANALU BERSAUDARA;
1194;H;;123;-;30 - BC 3.0;00003031479320251007100026;006541;07-10-2025;0314793480125000000000;SAGAMI INDONESIA;
1195;H;;123;-;30 - BC 3.0;30101F8C024B20251006000146;006547;07-10-2025;0286789870125000000000;SUMBER LAUT PERCUT;DIRGANTARA SUMATERA EKSPRES
1196;H;;123;-;30 - BC 3.0;00003026654620251007000922;006544;07-10-2025;0266546738125000000000;SARANAKITA MAJU BERSAMA;
1197;H;;123;-;30 - BC 3.0;30101E73143E20251006000925;006559;07-10-2025;0266546738125000000000;SARANAKITA MAJU BERSAMA;
1198;H;;123;-;30 - BC 3.0;01010000258220251007001110;006564;07-10-2025;0032741290011000000000;PT APPLE INDONESIA;PT BIROTIKA SEMESTA
1199;H;;123;-;30 - BC 3.0;01010000258220251006001107;006550;07-10-2025;0018021725054000000000;PT ERAJAYA SWASEMBADA TBK;PT BIROTIKA SEMESTA
1200;H;;123;-;30 - BC 3.0;01010000258220251007001114;006566;07-10-2025;0013107743062000000000;PT BIROTIKA SEMESTA;PT BIROTIKA SEMESTA
1201;H;;121;-;30 - BC 3.0;00003070811020251009000087;006623;09-10-2025;0708110432125000000000;ORI GINALNEST INDONESIA;
1202;H;;121;-;30 - BC 3.0;30101E73143E20251008000956;006625;09-10-2025;0266546738125000000000;SARANAKITA MAJU BERSAMA;
1203;H;;121;-;30 - BC 3.0;30101E73143E20251009000963;006624;09-10-2025;0266546738125000000000;SARANAKITA MAJU BERSAMA;
1204;H;;121;-;30 - BC 3.0;30101E73143E20251009000957;006627;09-10-2025;0266546738125000000000;SARANAKITA MAJU BERSAMA;
1205;H;;121;-;30 - BC 3.0;01010000258220251009001118;006633;09-10-2025;0013107743062000000000;PT BIROTIKA SEMESTA;PT BIROTIKA SEMESTA
1206;H;;121;-;30 - BC 3.0;01010000258220251009001122;006638;09-10-2025;0013107743062000000000;PT BIROTIKA SEMESTA;PT BIROTIKA SEMESTA
1207;H;;121;-;30 - BC 3.0;00003001100020251009911234;006629;09-10-2025;0011000163092000000000;MUSIM MAS;
1208;H;;120;-;30 - BC 3.0;00003092821220251010001198;006655;10-10-2025;1271193011650001000000;UD. HALIM JAYA;PT. LOGISTIK EKSPRESINDO UTAMA
1209;H;;120;-;30 - BC 3.0;301011CD754B20251009000062;006656;10-10-2025;0532025061124000000000;SENTRA MAJU UTAMA;
1210;H;;120;-;30 - BC 3.0;30101E73143E20251008000949;006645;10-10-2025;0266546738125000000000;SARANAKITA MAJU BERSAMA;
1211;H;;120;-;30 - BC 3.0;00003026654620251010000965;006675;10-10-2025;0266546738125000000000;SARANAKITA MAJU BERSAMA;
1212;H;;120;-;30 - BC 3.0;30101E73143E20251009000970;006672;10-10-2025;0266546738125000000000;SARANAKITA MAJU BERSAMA;
1213;H;;120;-;30 - BC 3.0;30101E73143E20251009000962;006648;10-10-2025;0266546738125000000000;SARANAKITA MAJU BERSAMA;
1214;H;;120;-;30 - BC 3.0;00003026654620251010000977;006679;10-10-2025;0266546738125000000000;SARANAKITA MAJU BERSAMA;
1215;H;;120;-;30 - BC 3.0;30101E73143E20251009000958;006646;10-10-2025;0266546738125000000000;SARANAKITA MAJU BERSAMA;
1216;H;;120;-;30 - BC 3.0;00003003199720251010003267;006653;10-10-2025;0031997299063000000000;UNILEVER OLEOCHEMICAL INDONESIA;
1217;H;;120;-;30 - BC 3.0;30101D27C3F220251007000136;006651;10-10-2025;0015167067111000000000;HARAPAN BERSAMA;
1218;H;;120;-;30 - BC 3.0;01010000258220251010001123;006677;10-10-2025;0013107743062000000000;PT BIROTIKA SEMESTA;PT BIROTIKA SEMESTA
1219;H;;120;-;30 - BC 3.0;00003001100020251010911252;006658;10-10-2025;0011000163092000000000;MUSIM MAS;
1220;H;;120;-;30 - BC 3.0;00003001001720251008000326;006641;10-10-2025;0010017309052000000000;RUBBER HOCK LIE;
1221;H;;120;-;30 - BC 3.0;00003001001720251008000327;006642;10-10-2025;0010017309052000000000;RUBBER HOCK LIE;
1222;H;;119;-;30 - BC 3.0;00003092821220251011001202;006684;11-10-2025;0845961077124000000000;CV. CHEERA KING SEAFOOD;PT. LOGISTIK EKSPRESINDO UTAMA
1223;H;;119;-;30 - BC 3.0;30101F8C024B20251010000153;006695;11-10-2025;0286789870125000000000;SUMBER LAUT PERCUT;DIRGANTARA SUMATERA EKSPRES
1224;H;;119;-;30 - BC 3.0;30101E73143E20251011000989;006694;11-10-2025;0266546738125000000000;SARANAKITA MAJU BERSAMA;
1225;H;;119;-;30 - BC 3.0;30101E73143E20251010000987;006697;11-10-2025;0266546738125000000000;SARANAKITA MAJU BERSAMA;
1226;H;;119;-;30 - BC 3.0;00003026654620251011000979;006691;11-10-2025;0266546738125000000000;SARANAKITA MAJU BERSAMA;
1227;H;;119;-;30 - BC 3.0;00003026654620251011000978;006690;11-10-2025;0266546738125000000000;SARANAKITA MAJU BERSAMA;
1228;H;;119;-;30 - BC 3.0;00003003711020251010000161;006686;11-10-2025;0037110079125000000000;PT. BERJAYA INTI REJEKI DUNIA;DIRGANTARA SUMATERA EKSPRES
1229;H;;119;-;30 - BC 3.0;00003003711020251010000162;006687;11-10-2025;0037110079125000000000;PT. BERJAYA INTI REJEKI DUNIA;DIRGANTARA SUMATERA EKSPRES
1230;H;;119;-;30 - BC 3.0;00003003711020251010000160;006681;11-10-2025;0037110079125000000000;PT. BERJAYA INTI REJEKI DUNIA;DIRGANTARA SUMATERA EKSPRES
1231;H;;119;-;30 - BC 3.0;00003092821220251011001204;006700;11-10-2025;0000233692124000000000;BALAI VETERINER MEDAN DITJEN PETERNAKAN DAN KESEHATAN HEWAN KEMENTERIAN PERTANIAN;PT. LOGISTIK EKSPRESINDO UTAMA
1232;H;;116;-;30 - BC 3.0;00003070829720251014000190;006747;14-10-2025;0708297288124000000000;PT. PUTRI MANALU BERSAUDARA;
1233;H;;116;-;30 - BC 3.0;30101E73143E20251013001010;006749;14-10-2025;0266546738125000000000;SARANAKITA MAJU BERSAMA;
1234;H;;116;-;30 - BC 3.0;30101E73143E20251013001009;006750;14-10-2025;0266546738125000000000;SARANAKITA MAJU BERSAMA;
1235;H;;116;-;30 - BC 3.0;00003003199720251013003291;006748;14-10-2025;0031997299063000000000;UNILEVER OLEOCHEMICAL INDONESIA;
1236;H;;116;-;30 - BC 3.0;01010000258220251014001146;006751;14-10-2025;0013107743062000000000;PT BIROTIKA SEMESTA;PT BIROTIKA SEMESTA
1237;H;;115;-;30 - BC 3.0;00003092821220251015001213;006766;15-10-2025;0845961077124000000000;CV. CHEERA KING SEAFOOD;PT. LOGISTIK EKSPRESINDO UTAMA
1238;H;;115;-;30 - BC 3.0;00003082062720251014000928;006770;15-10-2025;0820627214125000000000;SARANA MAJU BERSAMA;
1239;H;;115;-;30 - BC 3.0;00003031479320251014100036;006753;15-10-2025;0314793480125000000000;SAGAMI INDONESIA;
1240;H;;115;-;30 - BC 3.0;00003001363120251009100000;006769;15-10-2025;0314538067125000000000;PT. MAS KAWI WIJOYO;PT. MONANG SIANIPAR ABADI
1241;H;;115;-;30 - BC 3.0;30101E73143E20251013001004;006756;15-10-2025;0266546738125000000000;SARANAKITA MAJU BERSAMA;
1242;H;;115;-;30 - BC 3.0;30101E73143E20251014001017;006777;15-10-2025;0266546738125000000000;SARANAKITA MAJU BERSAMA;
1243;H;;115;-;30 - BC 3.0;30101E73143E20251014001019;006782;15-10-2025;0266546738125000000000;SARANAKITA MAJU BERSAMA;
1244;H;;115;-;30 - BC 3.0;00003001564420251014000051;006759;15-10-2025;0015644529113000000000;YAKITA MULIA;
1245;H;;115;-;30 - BC 3.0;01010000258220251015001150;006780;15-10-2025;0013107743062000000000;PT BIROTIKA SEMESTA;PT BIROTIKA SEMESTA
1246;H;;114;-;30 - BC 3.0;00003070829720251016000196;006801;16-10-2025;0708297288124000000000;PUTRI MANALU BERSAUDARA;
1247;H;;114;-;30 - BC 3.0;30101E73143E20251015001026;006786;16-10-2025;0266546738125000000000;SARANAKITA MAJU BERSAMA;
1248;H;;114;-;30 - BC 3.0;00003026654620251015001013;006790;16-10-2025;0266546738125000000000;SARANAKITA MAJU BERSAMA;
1249;H;;114;-;30 - BC 3.0;30101E73143E20251014001013;006794;16-10-2025;0266546738125000000000;SARANAKITA MAJU BERSAMA;
1250;H;;114;-;30 - BC 3.0;30101E73143E20251015001027;006796;16-10-2025;0266546738125000000000;SARANAKITA MAJU BERSAMA;
1251;H;;114;-;30 - BC 3.0;30101E73143E20251015001030;006804;16-10-2025;0266546738125000000000;SARANAKITA MAJU BERSAMA;
1252;H;;114;-;30 - BC 3.0;01010000258220251016001155;006811;16-10-2025;0013107743062000000000;PT BIROTIKA SEMESTA;PT BIROTIKA SEMESTA
1253;H;;113;-;30 - BC 3.0;00003092821220251017001219;006823;17-10-2025;1271022903760004000000;UD. AMANAH UTAMA;PT. LOGISTIK EKSPRESINDO UTAMA
1254;H;;113;-;30 - BC 3.0;00003092821220251014001206;006817;17-10-2025;0752518951111000000000;PT. MANDIRI ABADI PERMAI;PT. LOGISTIK EKSPRESINDO UTAMA
1255;H;;113;-;30 - BC 3.0;00003070829720251016000197;006849;17-10-2025;0708297288124000000000;PUTRI MANALU BERSAUDARA;
1256;H;;113;-;30 - BC 3.0;301011CD754B20251016000064;006819;17-10-2025;0532025061124000000000;SENTRA MAJU UTAMA;
1257;H;;113;-;30 - BC 3.0;30101E73143E20251016001039;006841;17-10-2025;0266546738125000000000;SARANAKITA MAJU BERSAMA;
1258;H;;113;-;30 - BC 3.0;30101E73143E20251014001016;006812;17-10-2025;0266546738125000000000;SARANAKITA MAJU BERSAMA;
1259;H;;113;-;30 - BC 3.0;00003026654620251016001035;006825;17-10-2025;0266546738125000000000;SARANAKITA MAJU BERSAMA;
1260;H;;113;-;30 - BC 3.0;30101E73143E20251016001048;006837;17-10-2025;0266546738125000000000;SARANAKITA MAJU BERSAMA;
1261;H;;113;-;30 - BC 3.0;30101E73143E20251016001040;006846;17-10-2025;0266546738125000000000;SARANAKITA MAJU BERSAMA;
1262;H;;113;-;30 - BC 3.0;30101E73143E20251016001036;006829;17-10-2025;0266546738125000000000;SARANAKITA MAJU BERSAMA;
1263;H;;113;-;30 - BC 3.0;01010000258220251017001158;006857;17-10-2025;0013107743062000000000;PT BIROTIKA SEMESTA;PT BIROTIKA SEMESTA
1264;H;;113;-;30 - BC 3.0;00003031200620251017000040;006855;17-10-2025;0010617975058000000000;PT. AQUA FARM NUSANTARA;F1 SOLUTIONS
1265;H;;110;-;30 - BC 3.0;00003070811020251020000094;006878;20-10-2025;0708110432125000000000;ORI GINALNEST INDONESIA;
1266;H;;110;-;30 - BC 3.0;00003031479320251020100041;006881;20-10-2025;0314793480125000000000;SAGAMI INDONESIA;
1267;H;;110;-;30 - BC 3.0;01010000258220251018001160;006889;20-10-2025;0015168784123000000000;PT. SAMAWOOD UTAMA WORKS INDUSTRIES;PT BIROTIKA SEMESTA
1268;H;;110;-;30 - BC 3.0;00003092821220251018001221;006891;20-10-2025;0013451828058000000000;PT. TAMORA STEKINDO;PT. LOGISTIK EKSPRESINDO UTAMA
1269;H;;110;-;30 - BC 3.0;00003001127920251020501651;006875;20-10-2025;0011279056123000000000;AROMA & CO;
1270;H;;110;-;30 - BC 3.0;00003001001720251018000346;006886;20-10-2025;0010017309052000000000;RUBBER HOCK LIE;
1271;H;;109;-;30 - BC 3.0;00003082062720251021000929;006898;21-10-2025;0820627214125000000000;SARANA MAJU BERSAMA;
1272;H;;109;-;30 - BC 3.0;00003070829720251021000201;006901;21-10-2025;0708297288124000000000;PT. PUTRI MANALU BERSAUDARA;
1273;H;;109;-;30 - BC 3.0;00003031479320251021100043;006894;21-10-2025;0314793480125000000000;SAGAMI INDONESIA;
1274;H;;109;-;30 - BC 3.0;00003031200620251020000041;006896;21-10-2025;0311555239125000000000;PT. TOBA AGRO MANDIRI;F1 SOLUTIONS
1275;H;;109;-;30 - BC 3.0;30101F8C024B20251020000162;006907;21-10-2025;0286789870125000000000;SUMBER LAUT PERCUT;DIRGANTARA SUMATERA EKSPRES
1276;H;;109;-;30 - BC 3.0;30101E73143E20251020001069;006913;21-10-2025;0266546738125000000000;SARANAKITA MAJU BERSAMA;
1277;H;;109;-;30 - BC 3.0;30101E73143E20251020001070;006909;21-10-2025;0266546738125000000000;SARANAKITA MAJU BERSAMA;
1278;H;;109;-;30 - BC 3.0;01010000258220251021001168;006911;21-10-2025;0032741290011000000000;PT APPLE INDONESIA;PT BIROTIKA SEMESTA
1279;H;;109;-;30 - BC 3.0;01010000258220251021001165;006903;21-10-2025;0032741290011000000000;PT APPLE INDONESIA;PT BIROTIKA SEMESTA
1280;H;;109;-;30 - BC 3.0;01010000258220251021001166;006906;21-10-2025;0013107743062000000000;PT BIROTIKA SEMESTA;PT BIROTIKA SEMESTA
1281;H;;109;-;30 - BC 3.0;01010000258220251021001169;006916;21-10-2025;0013107743062000000000;PT BIROTIKA SEMESTA;PT BIROTIKA SEMESTA
1282;H;;109;-;30 - BC 3.0;00003092821220251021001225;006899;21-10-2025;0010018067092000000000;PT. SOCFIN INDONESIA;PT. LOGISTIK EKSPRESINDO UTAMA
1283;H;;108;-;30 - BC 3.0;00003070829720251022000207;006927;22-10-2025;0708297288124000000000;PT. PUTRI MANALU BERSAUDARA;
1284;H;;108;-;30 - BC 3.0;301011CD754B20251022000065;006917;22-10-2025;0532025061124000000000;SENTRA MAJU UTAMA;
1285;H;;108;-;30 - BC 3.0;30101F8C024B20251021000164;006920;22-10-2025;0286789870125000000000;SUMBER LAUT PERCUT;DIRGANTARA SUMATERA EKSPRES
1286;H;;108;-;30 - BC 3.0;30101E73143E20251020001071;006938;22-10-2025;0266546738125000000000;SARANAKITA MAJU BERSAMA;
1287;H;;108;-;30 - BC 3.0;30101E73143E20251022001080;006923;22-10-2025;0266546738125000000000;SARANAKITA MAJU BERSAMA;
1288;H;;108;-;30 - BC 3.0;30101E73143E20251022001079;006922;22-10-2025;0266546738125000000000;SARANAKITA MAJU BERSAMA;
1289;H;;108;-;30 - BC 3.0;30101E73143E20251020001068;006925;22-10-2025;0266546738125000000000;SARANAKITA MAJU BERSAMA;
1290;H;;108;-;30 - BC 3.0;00003003199720251022003412;006933;22-10-2025;0031997299063000000000;UNILEVER OLEOCHEMICAL INDONESIA;
1291;H;;108;-;30 - BC 3.0;00003003199720251022003413;006935;22-10-2025;0031997299063000000000;UNILEVER OLEOCHEMICAL INDONESIA;
1292;H;;108;-;30 - BC 3.0;01010000258220251022001170;006931;22-10-2025;0014876726123000000000;PT. BUDI TAMORA PERMAI;PT BIROTIKA SEMESTA
1293;H;;108;-;30 - BC 3.0;01010000258220251022001171;006929;22-10-2025;0013107743062000000000;PT BIROTIKA SEMESTA;PT BIROTIKA SEMESTA
1294;H;;107;-;30 - BC 3.0;00003092821220251023001229;006947;23-10-2025;0845961077124000000000;CV. CHEERA KING SEAFOOD;PT. LOGISTIK EKSPRESINDO UTAMA
1295;H;;107;-;30 - BC 3.0;00003070829720251023000209;006951;23-10-2025;0708297288124000000000;PT. PUTRI MANALU BERSAUDARA;
1296;H;;107;-;30 - BC 3.0;00003053320220251023000393;006948;23-10-2025;0533202974125000000000;PT. MARTAMBA TAMBA REZEKI;
1297;H;;107;-;30 - BC 3.0;30101F8C024B20251022000165;006956;23-10-2025;0286789870125000000000;SUMBER LAUT PERCUT;DIRGANTARA SUMATERA EKSPRES
1298;H;;107;-;30 - BC 3.0;30101E73143E20251022001084;006953;23-10-2025;0266546738125000000000;SARANAKITA MAJU BERSAMA;
1299;H;;107;-;30 - BC 3.0;00003026654620251022001073;006944;23-10-2025;0266546738125000000000;SARANAKITA MAJU BERSAMA;
1300;H;;107;-;30 - BC 3.0;30101E73143E20251021001076;006955;23-10-2025;0266546738125000000000;SARANAKITA MAJU BERSAMA;
1301;H;;107;-;30 - BC 3.0;00003003711020251021000168;006943;23-10-2025;0037110079125000000000;PT. BERJAYA INTI REJEKI DUNIA;DIRGANTARA SUMATERA EKSPRES
1302;H;;107;-;30 - BC 3.0;00003001564420251022000052;006941;23-10-2025;0015644529113000000000;YAKITA MULIA;
1303;H;;107;-;30 - BC 3.0;01010000258220251023001177;006961;23-10-2025;0013107743062000000000;PT BIROTIKA SEMESTA;PT BIROTIKA SEMESTA
1304;H;;107;-;30 - BC 3.0;01010000258220251022001174;006959;23-10-2025;0011000163092000000000;PT MUSIM MAS;PT BIROTIKA SEMESTA
1305;H;;106;-;30 - BC 3.0;00003092821220251024001232;006964;24-10-2025;1271193011650001000000;UD. HALIM JAYA;PT. LOGISTIK EKSPRESINDO UTAMA
1306;H;;106;-;30 - BC 3.0;00003092821220251021001226;006969;24-10-2025;0752518951111000000000;PT. MANDIRI ABADI PERMAI;PT. LOGISTIK EKSPRESINDO UTAMA
1307;H;;106;-;30 - BC 3.0;00003070829720251021000204;006984;24-10-2025;0708297288124000000000;PUTRI MANALU BERSAUDARA;
1308;H;;106;-;30 - BC 3.0;00003070829720251021000205;006986;24-10-2025;0708297288124000000000;PT. PUTRI MANALU BERSAUDARA;
1309;H;;106;-;30 - BC 3.0;00003053320220251024000394;006966;24-10-2025;0533202974125000000000;PT. MARTAMBA TAMBA REZEKI;
1310;H;;106;-;30 - BC 3.0;30101F8C024B20251023000166;006980;24-10-2025;0286789870125000000000;SUMBER LAUT PERCUT;DIRGANTARA SUMATERA EKSPRES
1311;H;;106;-;30 - BC 3.0;30101F8C024B20251024000168;006989;24-10-2025;0286789870125000000000;SUMBER LAUT PERCUT;DIRGANTARA SUMATERA EKSPRES
1312;H;;106;-;30 - BC 3.0;30101E73143E20251023001088;006974;24-10-2025;0266546738125000000000;SARANAKITA MAJU BERSAMA;
1313;H;;106;-;30 - BC 3.0;00003026654620251024001087;006972;24-10-2025;0266546738125000000000;SARANAKITA MAJU BERSAMA;
1314;H;;106;-;30 - BC 3.0;01010000258220251024001181;006993;24-10-2025;0013107743062000000000;PT BIROTIKA SEMESTA;PT BIROTIKA SEMESTA
1315;H;;105;-;30 - BC 3.0;00003092821220251025001233;007009;25-10-2025;0845961077124000000000;CV. CHEERA KING SEAFOOD;PT. LOGISTIK EKSPRESINDO UTAMA
1316;H;;105;-;30 - BC 3.0;301011CD754B20251025000068;006994;25-10-2025;0532025061124000000000;SENTRA MAJU UTAMA;
1317;H;;105;-;30 - BC 3.0;00003026654620251024001088;006998;25-10-2025;0266546738125000000000;SARANAKITA MAJU BERSAMA;
1318;H;;105;-;30 - BC 3.0;30101E73143E20251021001075;007001;25-10-2025;0266546738125000000000;SARANAKITA MAJU BERSAMA;
1319;H;;105;-;30 - BC 3.0;30101E73143E20251024001106;007005;25-10-2025;0266546738125000000000;SARANAKITA MAJU BERSAMA;
1320;H;;105;-;30 - BC 3.0;30101E73143E20251024001098;007006;25-10-2025;0266546738125000000000;SARANAKITA MAJU BERSAMA;
1321;H;;105;-;30 - BC 3.0;30101E73143E20251025001107;006996;25-10-2025;0266546738125000000000;SARANAKITA MAJU BERSAMA;
1322;H;;103;-;30 - BC 3.0;00003053320220251027000397;007020;27-10-2025;0533202974125000000000;MARTAMBA TAMBA REZEKI;
1323;H;;103;-;30 - BC 3.0;00003053320220251027000398;007025;27-10-2025;0533202974125000000000;PT. MARTAMBA TAMBA REZEKI;
1324;H;;103;-;30 - BC 3.0;301011CD754B20251027000069;007017;27-10-2025;0532025061124000000000;SENTRA MAJU UTAMA;
1325;H;;103;-;30 - BC 3.0;30101E73143E20251025001112;007023;27-10-2025;0266546738125000000000;SARANAKITA MAJU BERSAMA;
1326;H;;103;-;30 - BC 3.0;30101E73143E20251024001097;007014;27-10-2025;0266546738125000000000;SARANAKITA MAJU BERSAMA;
1327;H;;103;-;30 - BC 3.0;30101E73143E20251024001099;007016;27-10-2025;0266546738125000000000;SARANAKITA MAJU BERSAMA;
1328;H;;103;-;30 - BC 3.0;00003003711020251027000169;007012;27-10-2025;0037110079125000000000;PT. BERJAYA INTI REJEKI DUNIA;DIRGANTARA SUMATERA EKSPRES
1329;H;;103;-;30 - BC 3.0;00003001947320251022999335;007021;27-10-2025;0019473313218000000000;PT. PELITA AGUNG AGRINDUSTRI;
1330;H;;79;-;30 - BC 3.0;30101E73143E20251120001300;007490;20-11-2025;0266546738125000000000;SARANAKITA MAJU BERSAMA;
1331;H;;79;-;30 - BC 3.0;30101E73143E20251118001282;007493;20-11-2025;0266546738125000000000;SARANAKITA MAJU BERSAMA;
1332;H;;79;-;30 - BC 3.0;30101E73143E20251119001294;007499;20-11-2025;0266546738125000000000;SARANAKITA MAJU BERSAMA;
1333;H;;79;-;30 - BC 3.0;30101E73143E20251118001283;007494;20-11-2025;0266546738125000000000;SARANAKITA MAJU BERSAMA;
1334;H;;79;-;30 - BC 3.0;00003092821220251120001291;007510;20-11-2025;0013451828058000000000;PT. TAMORA STEKINDO;PT. LOGISTIK EKSPRESINDO UTAMA
1335;H;;79;-;30 - BC 3.0;00003092821220251120001290;007509;20-11-2025;0013451828058000000000;PT. TAMORA STEKINDO;PT. LOGISTIK EKSPRESINDO UTAMA
1336;H;;79;-;30 - BC 3.0;01010000258220251120001258;007513;20-11-2025;0013107743062000000000;PT BIROTIKA SEMESTA;PT BIROTIKA SEMESTA
1337;H;;78;-;30 - BC 3.0;301013635C9B20251121001134;007531;21-11-2025;1000000002658787000000;SUNGAI ALAM SUMATERA;
1338;H;;78;-;30 - BC 3.0;3010132AF96620251121000197;007533;21-11-2025;0934989617112000000000;MANDIRI KOPI;
1339;H;;78;-;30 - BC 3.0;00003070829720251118000241;007516;21-11-2025;0708297288124000000000;PUTRI MANALU BERSAUDARA;
1340;H;;78;-;30 - BC 3.0;00003070829720251118000240;007514;21-11-2025;0708297288124000000000;PUTRI MANALU BERSAUDARA;
1341;H;;78;-;30 - BC 3.0;00003070829720251121000247;007543;21-11-2025;0708297288124000000000;PT. PUTRI MANALU BERSAUDARA;
1342;H;;78;-;30 - BC 3.0;00003053320220251121000430;007540;21-11-2025;0533202974125000000000;PT. MARTAMBA TAMBA REZEKI;
1343;H;;78;-;30 - BC 3.0;00003053320220251121000429;007539;21-11-2025;0533202974125000000000;MARTAMBA TAMBA REZEKI;
1344;H;;78;-;30 - BC 3.0;30101F8C024B20251119000199;007528;21-11-2025;0286789870125000000000;SUMBER LAUT PERCUT;DIRGANTARA SUMATERA EKSPRES
1345;H;;78;-;30 - BC 3.0;30101E73143E20251120001305;007523;21-11-2025;0266546738125000000000;SARANAKITA MAJU BERSAMA;
1346;H;;78;-;30 - BC 3.0;30101E73143E20251120001307;007536;21-11-2025;0266546738125000000000;SARANAKITA MAJU BERSAMA;
1347;H;;78;-;30 - BC 3.0;30101E73143E20251119001293;007527;21-11-2025;0266546738125000000000;SARANAKITA MAJU BERSAMA;
1348;H;;78;-;30 - BC 3.0;00003026654620251121001301;007521;21-11-2025;0266546738125000000000;SARANAKITA MAJU BERSAMA;
1349;H;;78;-;30 - BC 3.0;30101E73143E20251119001292;007535;21-11-2025;0266546738125000000000;SARANAKITA MAJU BERSAMA;
1350;H;;78;-;30 - BC 3.0;01010000258220251121001261;007545;21-11-2025;0013107743062000000000;PT BIROTIKA SEMESTA;PT BIROTIKA SEMESTA
1351;H;;78;-;30 - BC 3.0;301019461C5D20251112000012;007519;21-11-2025;0010692044511000000000;SELEKTANI INDUK USAHA;
1352;H;;77;-;30 - BC 3.0;30101F8C024B20251121000203;007549;22-11-2025;0286789870125000000000;SUMBER LAUT PERCUT;DIRGANTARA SUMATERA EKSPRES
1353;H;;77;-;30 - BC 3.0;00003026654620251122001310;007547;22-11-2025;0266546738125000000000;SARANAKITA MAJU BERSAMA;
1354;H;;77;-;30 - BC 3.0;00003026654620251122001311;007551;22-11-2025;0266546738125000000000;SARANAKITA MAJU BERSAMA;
1355;H;;77;-;30 - BC 3.0;30101E73143E20251120001304;007546;22-11-2025;0266546738125000000000;SARANAKITA MAJU BERSAMA;
1356;H;;77;-;30 - BC 3.0;30101E73143E20251121001310;007548;22-11-2025;0266546738125000000000;SARANAKITA MAJU BERSAMA;
1357;H;;77;-;30 - BC 3.0;00003003711020251121000181;007550;22-11-2025;0037110079125000000000;PT. BERJAYA INTI REJEKI DUNIA;DIRGANTARA SUMATERA EKSPRES
1358;H;;77;-;30 - BC 3.0;01010000258220251122001262;007552;22-11-2025;0013107743062000000000;PT BIROTIKA SEMESTA;PT BIROTIKA SEMESTA
1359;H;;77;-;30 - BC 3.0;00003092821220251122001294;007553;22-11-2025;0010018067092000000000;PT. SOCFIN INDONESIA;PT. LOGISTIK EKSPRESINDO UTAMA
1360;H;;75;-;30 - BC 3.0;00003092821220251124001299;007571;24-11-2025;0845961077124000000000;CV. CHEERA KING SEAFOOD;PT. LOGISTIK EKSPRESINDO UTAMA
1361;H;;75;-;30 - BC 3.0;00003070829720251124000253;007569;24-11-2025;0708297288124000000000;PT. PUTRI MANALU BERSAUDARA;
1362;H;;75;-;30 - BC 3.0;00003053320220251124000434;007568;24-11-2025;0533202974125000000000;PT. MARTAMBA TAMBA REZEKI;
1363;H;;75;-;30 - BC 3.0;30101F8C024B20251122000204;007565;24-11-2025;0286789870125000000000;SUMBER LAUT PERCUT;DIRGANTARA SUMATERA EKSPRES
1364;H;;75;-;30 - BC 3.0;00003026654620251122001313;007559;24-11-2025;0266546738125000000000;SARANAKITA MAJU BERSAMA;
1365;H;;75;-;30 - BC 3.0;30101E73143E20251121001314;007561;24-11-2025;0266546738125000000000;SARANAKITA MAJU BERSAMA;
1366;H;;75;-;30 - BC 3.0;00003003711020251124000183;007564;24-11-2025;0037110079125000000000;PT. BERJAYA INTI REJEKI DUNIA;DIRGANTARA SUMATERA EKSPRES
1367;H;;75;-;30 - BC 3.0;01010000258220251124001265;007573;24-11-2025;0013107743062000000000;PT BIROTIKA SEMESTA;PT BIROTIKA SEMESTA
1368;H;;75;-;30 - BC 3.0;00003001263320251121100011;007557;24-11-2025;0012633889123000000000;PT.MODERN PLASINDO MUTIARA;PT. RAYA ABADI KENCANA
1369;H;;52;-;30 - BC 3.0;00003092821220251217001340;007964;17-12-2025;0942785502113000000000;PT. ERGA BUANA KENCANA;LOGISTIK EKSPRESINDO UTAMA
1370;H;;52;-;30 - BC 3.0;30101E73143E20251217001491;007966;17-12-2025;0266546738125000000000;SARANAKITA MAJU BERSAMA;
1371;H;;51;-;30 - BC 3.0;301013635C9B20251217001431;007991;18-12-2025;1000000003318377000000;AGRO GABE SUKSES;
1372;H;;51;-;30 - BC 3.0;00003070829720251218000289;008004;18-12-2025;0708297288124000000000;PT. PUTRI MANALU BERSAUDARA;
1373;H;;51;-;30 - BC 3.0;00003070829720251218000288;008005;18-12-2025;0708297288124000000000;PUTRI MANALU BERSAUDARA;
1374;H;;51;-;30 - BC 3.0;00003053320220251218000475;007992;18-12-2025;0533202974125000000000;MARTAMBA TAMBA REZEKI;
1375;H;;51;-;30 - BC 3.0;00003053320220251218000474;007996;18-12-2025;0533202974125000000000;MARTAMBA TAMBA REZEKI;
1376;H;;51;-;30 - BC 3.0;00003053320220251218000476;008008;18-12-2025;0533202974125000000000;PT. MARTAMBA TAMBA REZEKI;
1377;H;;51;-;30 - BC 3.0;00003031479320251218100105;007988;18-12-2025;0314793480125000000000;SAGAMI INDONESIA;
1378;H;;51;-;30 - BC 3.0;3010110F5F5F20251216000001;008002;18-12-2025;0312871254124000000000;OPAL COFFEE INDONESIA;
1379;H;;51;-;30 - BC 3.0;30101F8C024B20251217000228;008001;18-12-2025;0286789870125000000000;SUMBER LAUT PERCUT;DIRGANTARA SUMATERA EKSPRES
1380;H;;51;-;30 - BC 3.0;30101E73143E20251217001492;008003;18-12-2025;0266546738125000000000;SARANAKITA MAJU BERSAMA;
1381;H;;51;-;30 - BC 3.0;30101E73143E20251217001493;007995;18-12-2025;0266546738125000000000;SARANAKITA MAJU BERSAMA;
1382;H;;51;-;30 - BC 3.0;30101E73143E20251217001494;007999;18-12-2025;0266546738125000000000;SARANAKITA MAJU BERSAMA;
1383;H;;51;-;30 - BC 3.0;00003026654620251218001492;007997;18-12-2025;0266546738125000000000;SARANAKITA MAJU BERSAMA;
1384;H;;51;-;30 - BC 3.0;30101E73143E20251217001495;007994;18-12-2025;0266546738125000000000;SARANAKITA MAJU BERSAMA;
1385;H;;51;-;30 - BC 3.0;30101E73143E20251218001501;007990;18-12-2025;0266546738125000000000;SARANAKITA MAJU BERSAMA;
1386;H;;51;-;30 - BC 3.0;30101E73143E20251217001499;007993;18-12-2025;0266546738125000000000;SARANAKITA MAJU BERSAMA;
1387;H;;51;-;30 - BC 3.0;30101E73143E20251218001500;007998;18-12-2025;0266546738125000000000;SARANAKITA MAJU BERSAMA;
1388;H;;51;-;30 - BC 3.0;30101203017C20251218000066;008006;18-12-2025;0037110079125000000000;BERJAYA INTI REJEKI DUNIA;DIRGANTARA SUMATERA EKSPRES
1389;H;;51;-;30 - BC 3.0;00003003199720251217003962;008010;18-12-2025;0031997299063000000000;UNILEVER OLEOCHEMICAL INDONESIA;
1390;H;;51;-;30 - BC 3.0;00003003199720251217003963;008009;18-12-2025;0031997299063000000000;UNILEVER OLEOCHEMICAL INDONESIA;
1391;H;;51;-;30 - BC 3.0;00003001431020251218005252;007989;18-12-2025;0014310247121000000000;PT. PERMATA HIJAU PALM OLEO;
1392;H;;51;-;30 - BC 3.0;01010000258220251218001329;008011;18-12-2025;0013107743062000000000;PT BIROTIKA SEMESTA;PT BIROTIKA SEMESTA
1393;H;;51;-;30 - BC 3.0;01010000258220251218001328;008007;18-12-2025;0013107743062000000000;PT BIROTIKA SEMESTA;PT BIROTIKA SEMESTA
1394;H;;51;-;30 - BC 3.0;30101AA07F3920251217000105;008000;18-12-2025;0012252029123000000000;MEDAN TROPICAL CANNING AND FROZEN INDUSTRIES;
1395;H;;50;-;30 - BC 3.0;301013635C9B20251219001458;008018;19-12-2025;1000000005577047000000;SENTRA MAJU UTAMA;
1396;H;;50;-;30 - BC 3.0;301013635C9B20251219001464;008022;19-12-2025;1000000005577047000000;SENTRA MAJU UTAMA;
1397;H;;50;-;30 - BC 3.0;301013635C9B20251219001462;008023;19-12-2025;1000000002658787000000;SUNGAI ALAM SUMATERA;
1398;H;;50;-;30 - BC 3.0;00003092821220251219001346;008036;19-12-2025;1000000001253993000000;PT. RIZKI BAHARI ABADI;PT. LOGISTIK EKSPRESINDO UTAMA
1399;H;;50;-;30 - BC 3.0;00003092821220251219001345;008020;19-12-2025;0942785502113000000000;PT. ERGA BUANA KENCANA;PT. LOGISTIK EKSPRESINDO UTAMA
1400;H;;50;-;30 - BC 3.0;00003092821220251215001337;008024;19-12-2025;0752518951111000000000;PT. MANDIRI ABADI PERMAI;PT. LOGISTIK EKSPRESINDO UTAMA
1401;H;;50;-;30 - BC 3.0;00003070829720251215000285;008015;19-12-2025;0708297288124000000000;PUTRI MANALU BERSAUDARA;
1402;H;;50;-;30 - BC 3.0;00003070829720251215000283;008014;19-12-2025;0708297288124000000000;PUTRI MANALU BERSAUDARA;
1403;H;;50;-;30 - BC 3.0;00003070829720251215000282;008013;19-12-2025;0708297288124000000000;PUTRI MANALU BERSAUDARA;
1404;H;;50;-;30 - BC 3.0;00003070829720251215000284;008016;19-12-2025;0708297288124000000000;PUTRI MANALU BERSAUDARA;
1405;H;;50;-;30 - BC 3.0;00003070829720251219000290;008037;19-12-2025;0708297288124000000000;PUTRI MANALU BERSAUDARA;
1406;H;;50;-;30 - BC 3.0;00003070811020251219000127;008021;19-12-2025;0708110432125000000000;ORI GINALNEST INDONESIA;
1407;H;;50;-;30 - BC 3.0;30101F8C024B20251218000229;008030;19-12-2025;0286789870125000000000;SUMBER LAUT PERCUT;DIRGANTARA SUMATERA EKSPRES
1408;H;;50;-;30 - BC 3.0;30101E73143E20251219001525;008042;19-12-2025;0266546738125000000000;SARANAKITA MAJU BERSAMA;
1409;H;;50;-;30 - BC 3.0;30101E73143E20251218001503;008035;19-12-2025;0266546738125000000000;SARANAKITA MAJU BERSAMA;
1410;H;;50;-;30 - BC 3.0;30101E73143E20251218001508;008033;19-12-2025;0266546738125000000000;SARANAKITA MAJU BERSAMA;
1411;H;;50;-;30 - BC 3.0;00003026654620251219001502;008025;19-12-2025;0266546738125000000000;SARANAKITA MAJU BERSAMA;
1412;H;;50;-;30 - BC 3.0;30101E73143E20251219001513;008019;19-12-2025;0266546738125000000000;SARANAKITA MAJU BERSAMA;
1413;H;;50;-;30 - BC 3.0;30101E73143E20251218001502;008026;19-12-2025;0266546738125000000000;SARANAKITA MAJU BERSAMA;
1414;H;;50;-;30 - BC 3.0;30101E73143E20251219001512;008032;19-12-2025;0266546738125000000000;SARANAKITA MAJU BERSAMA;
1415;H;;50;-;30 - BC 3.0;30101E73143E20251218001510;008029;19-12-2025;0266546738125000000000;SARANAKITA MAJU BERSAMA;
1416;H;;50;-;30 - BC 3.0;30101E73143E20251219001511;008031;19-12-2025;0266546738125000000000;SARANAKITA MAJU BERSAMA;
1417;H;;50;-;30 - BC 3.0;30101E73143E20251219001524;008041;19-12-2025;0266546738125000000000;SARANAKITA MAJU BERSAMA;
1418;H;;50;-;30 - BC 3.0;30101E73143E20251218001504;008027;19-12-2025;0266546738125000000000;SARANAKITA MAJU BERSAMA;
1419;H;;50;-;30 - BC 3.0;30101E73143E20251218001509;008028;19-12-2025;0266546738125000000000;SARANAKITA MAJU BERSAMA;
1420;H;;50;-;30 - BC 3.0;30101178C85520251219000057;008040;19-12-2025;0027150044331000000000;SPICELINX;
1421;H;;50;-;30 - BC 3.0;01010000258220251219001332;008043;19-12-2025;0013107743062000000000;PT BIROTIKA SEMESTA;PT BIROTIKA SEMESTA
1422;H;;50;-;30 - BC 3.0;01010000258220251219001330;008034;19-12-2025;0013107743062000000000;PT BIROTIKA SEMESTA;PT BIROTIKA SEMESTA
1423;M;N;50;49;30 - BC 3.0;00003001270820251219005466;008017;19-12-2025;0012708756092000000000;MULTIMAS NABATI ASAHAN;
1424;H;;50;-;30 - BC 3.0;00003001127920251219501699;008039;19-12-2025;0011279056123000000000;AROMA & CO;
1425;H;;49;-;30 - BC 3.0;301013635C9B20251219001460;008045;20-12-2025;1000000005577047000000;SENTRA MAJU UTAMA;
1426;H;;49;-;30 - BC 3.0;301013635C9B20251219001470;008044;20-12-2025;1000000005577047000000;SENTRA MAJU UTAMA;
1427;H;;49;-;30 - BC 3.0;00003092821220251220001350;008046;20-12-2025;0942785502113000000000;PT. ERGA BUANA KENCANA;PT. LOGISTIK EKSPRESINDO UTAMA
1428;H;;49;-;30 - BC 3.0;00003053320220251220000478;008055;20-12-2025;0533202974125000000000;PT. MARTAMBA TAMBA REZEKI;
1429;H;;49;-;30 - BC 3.0;00003053320220251220000477;008056;20-12-2025;0533202974125000000000;PT. MARTAMBA TAMBA REZEKI;
1430;H;;49;-;30 - BC 3.0;30101110D17B20251219000131;008047;20-12-2025;0314538067125000000000;MAS KAWI WIJOYO;
1431;H;;49;-;30 - BC 3.0;30101E73143E20251219001515;008052;20-12-2025;0266546738125000000000;SARANAKITA MAJU BERSAMA;
1432;H;;49;-;30 - BC 3.0;30101E73143E20251219001522;008053;20-12-2025;0266546738125000000000;SARANAKITA MAJU BERSAMA;
1433;H;;49;-;30 - BC 3.0;00003026654620251220001527;008057;20-12-2025;0266546738125000000000;SARANAKITA MAJU BERSAMA;
1434;H;;49;-;30 - BC 3.0;30101E73143E20251219001514;008048;20-12-2025;0266546738125000000000;SARANAKITA MAJU BERSAMA;
1435;H;;49;-;30 - BC 3.0;00003026654620251220001526;008051;20-12-2025;0266546738125000000000;SARANAKITA MAJU BERSAMA;
1436;H;;49;-;30 - BC 3.0;30101E73143E20251219001523;008050;20-12-2025;0266546738125000000000;SARANAKITA MAJU BERSAMA;
1437;H;;49;-;30 - BC 3.0;30101E73143E20251219001518;008054;20-12-2025;0266546738125000000000;SARANAKITA MAJU BERSAMA;
1438;H;;49;-;30 - BC 3.0;30101E73143E20251219001516;008049;20-12-2025;0266546738125000000000;SARANAKITA MAJU BERSAMA;
1439;H;;49;-;30 - BC 3.0;00003003711020251220000215;008058;20-12-2025;0037110079125000000000;PT. BERJAYA INTI REJEKI DUNIA;DIRGANTARA SUMATERA EKSPRES
1440;H;;49;-;30 - BC 3.0;01010000258220251220001334;008059;20-12-2025;0013107743062000000000;PT BIROTIKA SEMESTA;PT BIROTIKA SEMESTA
1441;H;;48;-;30 - BC 3.0;00003053320220251221000479;008060;21-12-2025;0533202974125000000000;PT. MARTAMBA TAMBA REZEKI;
1442;H;;47;-;30 - BC 3.0;00003070811020251222000128;008071;22-12-2025;0708110432125000000000;ORI GINALNEST INDONESIA;
1443;H;;47;-;30 - BC 3.0;00003070811020251222000129;008070;22-12-2025;0708110432125000000000;ORI GINALNEST INDONESIA;
1444;H;;47;-;30 - BC 3.0;00003070811020251222000130;008072;22-12-2025;0708110432125000000000;ORI GINALNEST INDONESIA;
1445;H;;47;-;30 - BC 3.0;00003053320220251222000480;008073;22-12-2025;0533202974125000000000;MARTAMBA TAMBA REZEKI;
1446;H;;47;-;30 - BC 3.0;30101E73143E20251220001530;008069;22-12-2025;0266546738125000000000;SARANAKITA MAJU BERSAMA;
1447;H;;47;-;30 - BC 3.0;30101E73143E20251220001540;008061;22-12-2025;0266546738125000000000;SARANAKITA MAJU BERSAMA;
1448;H;;47;-;30 - BC 3.0;00003026654620251222001528;008065;22-12-2025;0266546738125000000000;SARANAKITA MAJU BERSAMA;
1449;H;;47;-;30 - BC 3.0;30101E73143E20251220001532;008066;22-12-2025;0266546738125000000000;SARANAKITA MAJU BERSAMA;
1450;H;;47;-;30 - BC 3.0;00003026654620251222001541;008068;22-12-2025;0266546738125000000000;SARANAKITA MAJU BERSAMA;
1451;H;;47;-;30 - BC 3.0;30101E73143E20251220001531;008067;22-12-2025;0266546738125000000000;SARANAKITA MAJU BERSAMA;
1452;H;;47;-;30 - BC 3.0;00003021082620251222500308;008074;22-12-2025;0210826228122000000000;CV. SUMARTA;
1453;H;;47;-;30 - BC 3.0;30101203017C20251221000068;008064;22-12-2025;0037110079125000000000;BERJAYA INTI REJEKI DUNIA;DIRGANTARA SUMATERA EKSPRES
1454;H;;47;-;30 - BC 3.0;30101203017C20251221000069;008063;22-12-2025;0037110079125000000000;BERJAYA INTI REJEKI DUNIA;DIRGANTARA SUMATERA EKSPRES
1455;H;;47;-;30 - BC 3.0;00003001270820251222005497;008062;22-12-2025;0012708756092000000000;MULTIMAS NABATI ASAHAN;
1456;H;;46;-;30 - BC 3.0;00003092821220251222001351;008085;23-12-2025;0845961077124000000000;CV. CHEERA KING SEAFOOD;PT. LOGISTIK EKSPRESINDO UTAMA
1457;H;;46;-;30 - BC 3.0;00003070829720251223000301;008098;23-12-2025;0708297288124000000000;PUTRI MANALU BERSAUDARA;
1458;H;;46;-;30 - BC 3.0;00003070811020251223000131;008088;23-12-2025;0708110432125000000000;ORI GINALNEST INDONESIA;
1459;H;;46;-;30 - BC 3.0;30101F8C024B20251222000231;008095;23-12-2025;0286789870125000000000;SUMBER LAUT PERCUT;DIRGANTARA SUMATERA EKSPRES
1460;H;;38;-;30 - BC 3.0;00003051000320251231000001;008272;31-12-2025;1000000006339927000000;PT. NAULI TUMBUH BERSAMA;
1461;H;;38;-;30 - BC 3.0;00003051000320251231000002;008256;31-12-2025;1000000006339927000000;PT. NAULI TUMBUH BERSAMA;
1462;H;;38;-;30 - BC 3.0;00003070829720251230000313;008241;31-12-2025;0708297288124000000000;PUTRI MANALU BERSAUDARA;
1463;H;;38;-;30 - BC 3.0;00003070829720251230000312;008248;31-12-2025;0708297288124000000000;PUTRI MANALU BERSAUDARA;
1464;H;;38;-;30 - BC 3.0;00003070829720251231000315;008243;31-12-2025;0708297288124000000000;PUTRI MANALU BERSAUDARA;
1465;H;;38;-;30 - BC 3.0;00003070829720251230000311;008246;31-12-2025;0708297288124000000000;PUTRI MANALU BERSAUDARA;
1466;H;;38;-;30 - BC 3.0;00003026654620251231001629;008278;31-12-2025;0266546738125000000000;SARANAKITA MAJU BERSAMA;
1467;H;;38;-;30 - BC 3.0;30101E73143E20251230001631;008258;31-12-2025;0266546738125000000000;SARANAKITA MAJU BERSAMA;
1468;H;;38;-;30 - BC 3.0;30101E73143E20251231001646;008260;31-12-2025;0266546738125000000000;SARANAKITA MAJU BERSAMA;
1469;H;;38;-;30 - BC 3.0;30101203017C20251231000075;008253;31-12-2025;0037110079125000000000;BERJAYA INTI REJEKI DUNIA;DIRGANTARA SUMATERA EKSPRES
1470;H;;38;-;30 - BC 3.0;00003092821220251230001368;008251;31-12-2025;0013451828058000000000;PT. TAMORA STEKINDO;PT. LOGISTIK EKSPRESINDO UTAMA
1471;H;;38;-;30 - BC 3.0;00003092821220251230001365;008249;31-12-2025;0013451828058000000000;PT. TAMORA STEKINDO;PT. LOGISTIK EKSPRESINDO UTAMA
